ticker,name,date,RS_z,Momentum_z,quadrant
2330.TW,TSMC 台積電,2025-10-31,1.316,-0.253,轉弱(Weakening)
2330.TW,TSMC 台積電,2025-11-27,0.374,-0.527,轉弱(Weakening)
2330.TW,TSMC 台積電,2025-12-30,1.128,0.064,領先(Leading)
2330.TW,TSMC 台積電,2026-01-30,1.29,0.591,領先(Leading)
2330.TW,TSMC 台積電,2026-02-26,1.849,0.919,領先(Leading)
2330.TW,TSMC 台積電,2026-03-31,0.66,-1.541,轉弱(Weakening)
2330.TW,TSMC 台積電,2026-04-30,-0.019,-0.087,落後(Lagging)
2330.TW,TSMC 台積電,2026-05-29,-1.269,0.247,轉強(Improving)
2330.TW,TSMC 台積電,2026-06-30,-1.437,-0.346,落後(Lagging)
2330.TW,TSMC 台積電,2026-07-31,2.389,2.843,領先(Leading)
2330.TW,TSMC 台積電,2026-08-31,-2.083,-2.164,落後(Lagging)
2330.TW,TSMC 台積電,2026-09-11,-1.741,-0.525,落後(Lagging)
3711.TW,ASE 日月光,2025-10-31,4.199,3.297,領先(Leading)
3711.TW,ASE 日月光,2025-11-27,1.492,0.727,領先(Leading)
3711.TW,ASE 日月光,2025-12-30,0.979,-0.837,轉弱(Weakening)
3711.TW,ASE 日月光,2026-01-30,0.917,-0.357,轉弱(Weakening)
3711.TW,ASE 日月光,2026-02-26,2.852,0.972,領先(Leading)
3711.TW,ASE 日月光,2026-03-31,1.186,-1.938,轉弱(Weakening)
3711.TW,ASE 日月光,2026-04-30,1.575,0.414,領先(Leading)
3711.TW,ASE 日月光,2026-05-29,1.098,-1.426,轉弱(Weakening)
3711.TW,ASE 日月光,2026-06-30,0.693,-1.153,轉弱(Weakening)
3711.TW,ASE 日月光,2026-07-31,-1.092,-1.033,落後(Lagging)
3711.TW,ASE 日月光,2026-08-31,-1.17,0.322,轉強(Improving)
3711.TW,ASE 日月光,2026-09-11,0.178,-0.113,轉弱(Weakening)
6239.TW,Powertech 力成,2025-10-31,1.564,0.759,領先(Leading)
6239.TW,Powertech 力成,2025-11-27,-0.049,-1.437,落後(Lagging)
6239.TW,Powertech 力成,2025-12-30,-0.25,-0.106,落後(Lagging)
6239.TW,Powertech 力成,2026-01-30,1.71,1.37,領先(Leading)
6239.TW,Powertech 力成,2026-02-26,0.275,-1.476,轉弱(Weakening)
6239.TW,Powertech 力成,2026-03-31,-1.395,-1.0,落後(Lagging)
6239.TW,Powertech 力成,2026-04-30,-1.225,-0.226,落後(Lagging)
6239.TW,Powertech 力成,2026-05-29,1.686,2.536,領先(Leading)
6239.TW,Powertech 力成,2026-06-30,0.908,-0.392,轉弱(Weakening)
6239.TW,Powertech 力成,2026-07-31,-1.71,-1.65,落後(Lagging)
6239.TW,Powertech 力成,2026-08-31,-0.381,1.115,轉強(Improving)
6239.TW,Powertech 力成,2026-09-11,-0.289,-0.293,落後(Lagging)
2449.TW,KYEC 京元電子,2025-10-31,2.127,0.941,領先(Leading)
2449.TW,KYEC 京元電子,2025-11-27,1.571,0.137,領先(Leading)
2449.TW,KYEC 京元電子,2025-12-30,1.351,-1.021,轉弱(Weakening)
2449.TW,KYEC 京元電子,2026-01-30,1.327,0.131,領先(Leading)
2449.TW,KYEC 京元電子,2026-02-26,0.451,-0.201,轉弱(Weakening)
2449.TW,KYEC 京元電子,2026-03-31,-1.833,-1.758,落後(Lagging)
2449.TW,KYEC 京元電子,2026-04-30,-1.204,-0.603,落後(Lagging)
2449.TW,KYEC 京元電子,2026-05-29,-2.011,-1.349,落後(Lagging)
2449.TW,KYEC 京元電子,2026-06-30,-1.024,0.538,轉強(Improving)
2449.TW,KYEC 京元電子,2026-07-31,-1.781,-1.187,落後(Lagging)
2449.TW,KYEC 京元電子,2026-08-31,-0.637,2.339,轉強(Improving)
2449.TW,KYEC 京元電子,2026-09-11,-0.042,0.959,轉強(Improving)
3264.TWO,Ardentec 欣銓,2025-10-31,2.597,1.358,領先(Leading)
3264.TWO,Ardentec 欣銓,2025-11-27,0.954,-0.487,轉弱(Weakening)
3264.TWO,Ardentec 欣銓,2025-12-30,3.588,1.274,領先(Leading)
3264.TWO,Ardentec 欣銓,2026-01-30,1.889,1.659,領先(Leading)
3264.TWO,Ardentec 欣銓,2026-02-26,1.209,-0.555,轉弱(Weakening)
3264.TWO,Ardentec 欣銓,2026-03-31,2.21,1.42,領先(Leading)
3264.TWO,Ardentec 欣銓,2026-04-30,0.934,-1.374,轉弱(Weakening)
3264.TWO,Ardentec 欣銓,2026-05-29,0.328,-2.135,轉弱(Weakening)
3264.TWO,Ardentec 欣銓,2026-06-30,-1.41,-1.069,落後(Lagging)
3264.TWO,Ardentec 欣銓,2026-07-31,-1.757,-0.358,落後(Lagging)
3264.TWO,Ardentec 欣銓,2026-08-31,1.743,2.526,領先(Leading)
3264.TWO,Ardentec 欣銓,2026-09-11,1.576,0.716,領先(Leading)
3037.TW,Unimicron 欣興,2025-10-31,0.241,-1.091,轉弱(Weakening)
3037.TW,Unimicron 欣興,2025-11-27,1.993,1.084,領先(Leading)
3037.TW,Unimicron 欣興,2025-12-30,1.204,0.433,領先(Leading)
3037.TW,Unimicron 欣興,2026-01-30,2.48,2.059,領先(Leading)
3037.TW,Unimicron 欣興,2026-02-26,1.985,1.94,領先(Leading)
3037.TW,Unimicron 欣興,2026-03-31,1.053,-1.297,轉弱(Weakening)
3037.TW,Unimicron 欣興,2026-04-30,2.205,1.694,領先(Leading)
3037.TW,Unimicron 欣興,2026-05-29,1.407,-0.221,轉弱(Weakening)
3037.TW,Unimicron 欣興,2026-06-30,0.96,-1.11,轉弱(Weakening)
3037.TW,Unimicron 欣興,2026-07-31,-0.47,-1.001,落後(Lagging)
3037.TW,Unimicron 欣興,2026-08-31,0.123,0.441,領先(Leading)
3037.TW,Unimicron 欣興,2026-09-11,-0.188,-1.159,落後(Lagging)
8046.TW,Nan Ya PCB 南電,2025-10-31,1.335,-0.342,轉弱(Weakening)
8046.TW,Nan Ya PCB 南電,2025-11-27,0.23,-0.677,轉弱(Weakening)
8046.TW,Nan Ya PCB 南電,2025-12-30,-2.473,-1.937,落後(Lagging)
8046.TW,Nan Ya PCB 南電,2026-01-30,1.659,2.203,領先(Leading)
8046.TW,Nan Ya PCB 南電,2026-02-26,2.394,2.262,領先(Leading)
8046.TW,Nan Ya PCB 南電,2026-03-31,1.496,0.007,領先(Leading)
8046.TW,Nan Ya PCB 南電,2026-04-30,2.366,1.218,領先(Leading)
8046.TW,Nan Ya PCB 南電,2026-05-29,0.949,-1.725,轉弱(Weakening)
8046.TW,Nan Ya PCB 南電,2026-06-30,2.29,0.74,領先(Leading)
8046.TW,Nan Ya PCB 南電,2026-07-31,0.614,-1.155,轉弱(Weakening)
8046.TW,Nan Ya PCB 南電,2026-08-31,0.942,0.425,領先(Leading)
8046.TW,Nan Ya PCB 南電,2026-09-11,0.213,-1.345,轉弱(Weakening)
3189.TW,Kinsus 景碩,2025-10-31,-0.651,-1.037,落後(Lagging)
3189.TW,Kinsus 景碩,2025-11-27,0.038,0.16,領先(Leading)
3189.TW,Kinsus 景碩,2025-12-30,-1.119,-0.745,落後(Lagging)
3189.TW,Kinsus 景碩,2026-01-30,3.673,2.863,領先(Leading)
3189.TW,Kinsus 景碩,2026-02-26,1.775,1.782,領先(Leading)
3189.TW,Kinsus 景碩,2026-03-31,1.179,0.017,領先(Leading)
3189.TW,Kinsus 景碩,2026-04-30,1.862,0.36,領先(Leading)
3189.TW,Kinsus 景碩,2026-05-29,2.02,0.417,領先(Leading)
3189.TW,Kinsus 景碩,2026-06-30,1.788,-0.345,轉弱(Weakening)
3189.TW,Kinsus 景碩,2026-07-31,0.272,-2.661,轉弱(Weakening)
3189.TW,Kinsus 景碩,2026-08-31,0.454,0.252,領先(Leading)
3189.TW,Kinsus 景碩,2026-09-11,0.436,-1.61,轉弱(Weakening)
AMKR,Amkor,2025-10-31,0.502,-0.759,轉弱(Weakening)
AMKR,Amkor,2025-11-27,0.668,-0.934,轉弱(Weakening)
AMKR,Amkor,2025-12-30,0.624,0.403,領先(Leading)
AMKR,Amkor,2026-01-30,0.854,0.194,領先(Leading)
AMKR,Amkor,2026-02-26,0.942,-0.512,轉弱(Weakening)
AMKR,Amkor,2026-03-31,-0.539,-1.356,落後(Lagging)
AMKR,Amkor,2026-04-30,2.199,2.034,領先(Leading)
AMKR,Amkor,2026-05-29,0.513,-1.355,轉弱(Weakening)
AMKR,Amkor,2026-06-30,0.683,-0.304,轉弱(Weakening)
AMKR,Amkor,2026-07-31,-3.0,-2.212,落後(Lagging)
AMKR,Amkor,2026-08-31,-1.68,0.774,轉強(Improving)
AMKR,Amkor,2026-09-11,-1.087,0.01,轉強(Improving)
INTC,Intel 英特爾,2025-10-31,1.373,1.158,領先(Leading)
INTC,Intel 英特爾,2025-11-27,-0.056,-1.075,落後(Lagging)
INTC,Intel 英特爾,2025-12-30,-1.03,-0.796,落後(Lagging)
INTC,Intel 英特爾,2026-01-30,0.485,1.23,領先(Leading)
INTC,Intel 英特爾,2026-02-26,0.726,-0.341,轉弱(Weakening)
INTC,Intel 英特爾,2026-03-31,-0.166,-0.718,落後(Lagging)
INTC,Intel 英特爾,2026-04-30,3.533,3.907,領先(Leading)
INTC,Intel 英特爾,2026-05-29,1.426,0.943,領先(Leading)
INTC,Intel 英特爾,2026-06-30,0.832,-0.994,轉弱(Weakening)
INTC,Intel 英特爾,2026-07-31,-1.543,-1.447,落後(Lagging)
INTC,Intel 英特爾,2026-08-31,-1.347,0.41,轉強(Improving)
INTC,Intel 英特爾,2026-09-11,-0.228,0.933,轉強(Improving)
600584.SS,JCET 長電,2025-10-31,0.015,-1.028,轉弱(Weakening)
600584.SS,JCET 長電,2025-11-27,-1.626,-1.845,落後(Lagging)
600584.SS,JCET 長電,2025-12-30,-0.916,0.382,轉強(Improving)
600584.SS,JCET 長電,2026-01-30,1.68,1.652,領先(Leading)
600584.SS,JCET 長電,2026-02-26,0.221,-0.2,轉弱(Weakening)
600584.SS,JCET 長電,2026-03-31,-0.693,-0.675,落後(Lagging)
600584.SS,JCET 長電,2026-04-30,-1.01,-0.282,落後(Lagging)
600584.SS,JCET 長電,2026-05-29,1.922,1.951,領先(Leading)
600584.SS,JCET 長電,2026-06-30,1.901,-0.069,轉弱(Weakening)
600584.SS,JCET 長電,2026-07-31,-1.943,-3.064,落後(Lagging)
600584.SS,JCET 長電,2026-08-31,-1.42,-0.065,落後(Lagging)
600584.SS,JCET 長電,2026-09-11,-1.573,-0.92,落後(Lagging)
002156.SZ,Tongfu 通富,2025-10-31,0.37,-1.216,轉弱(Weakening)
002156.SZ,Tongfu 通富,2025-11-27,-1.264,-1.524,落後(Lagging)
002156.SZ,Tongfu 通富,2025-12-30,-0.682,0.332,轉強(Improving)
002156.SZ,Tongfu 通富,2026-01-30,1.513,1.5,領先(Leading)
002156.SZ,Tongfu 通富,2026-02-26,0.569,0.145,領先(Leading)
002156.SZ,Tongfu 通富,2026-03-31,-0.539,-0.722,落後(Lagging)
002156.SZ,Tongfu 通富,2026-04-30,-0.14,0.226,轉強(Improving)
002156.SZ,Tongfu 通富,2026-05-29,-1.497,-0.197,落後(Lagging)
002156.SZ,Tongfu 通富,2026-06-30,0.013,-0.025,轉弱(Weakening)
002156.SZ,Tongfu 通富,2026-07-31,-1.237,-0.888,落後(Lagging)
002156.SZ,Tongfu 通富,2026-08-31,-0.79,-0.044,落後(Lagging)
002156.SZ,Tongfu 通富,2026-09-11,-1.394,-0.714,落後(Lagging)
002185.SZ,Huatian 華天,2025-10-31,0.378,-0.506,轉弱(Weakening)
002185.SZ,Huatian 華天,2025-11-27,-1.794,-2.264,落後(Lagging)
002185.SZ,Huatian 華天,2025-12-30,-1.221,0.121,轉強(Improving)
002185.SZ,Huatian 華天,2026-01-30,2.234,2.323,領先(Leading)
002185.SZ,Huatian 華天,2026-02-26,0.446,0.842,領先(Leading)
002185.SZ,Huatian 華天,2026-03-31,-1.181,-1.017,落後(Lagging)
002185.SZ,Huatian 華天,2026-04-30,-1.476,-0.734,落後(Lagging)
002185.SZ,Huatian 華天,2026-05-29,0.119,1.391,領先(Leading)
002185.SZ,Huatian 華天,2026-06-30,1.79,-0.15,轉弱(Weakening)
002185.SZ,Huatian 華天,2026-07-31,-0.993,-1.769,落後(Lagging)
002185.SZ,Huatian 華天,2026-08-31,-1.064,-0.343,落後(Lagging)
002185.SZ,Huatian 華天,2026-09-11,-1.236,-1.117,落後(Lagging)
005930.KS,Samsung 三星,2025-10-31,2.327,0.681,領先(Leading)
005930.KS,Samsung 三星,2025-11-27,0.77,-0.461,轉弱(Weakening)
005930.KS,Samsung 三星,2025-12-30,2.123,1.118,領先(Leading)
005930.KS,Samsung 三星,2026-01-30,2.221,1.905,領先(Leading)
005930.KS,Samsung 三星,2026-02-26,2.03,1.259,領先(Leading)
005930.KS,Samsung 三星,2026-03-31,-0.101,-2.962,落後(Lagging)
005930.KS,Samsung 三星,2026-04-30,-1.826,-0.994,落後(Lagging)
005930.KS,Samsung 三星,2026-05-29,0.659,0.922,領先(Leading)
005930.KS,Samsung 三星,2026-06-30,1.539,1.252,領先(Leading)
005930.KS,Samsung 三星,2026-07-31,-0.88,-1.241,落後(Lagging)
005930.KS,Samsung 三星,2026-08-31,-1.037,0.651,轉強(Improving)
005930.KS,Samsung 三星,2026-09-11,-0.825,0.488,轉強(Improving)
4062.T,Ibiden,2025-10-31,3.447,2.829,領先(Leading)
4062.T,Ibiden,2025-11-27,0.172,-2.553,轉弱(Weakening)
4062.T,Ibiden,2025-12-30,0.819,0.367,領先(Leading)
4062.T,Ibiden,2026-01-30,1.373,0.399,領先(Leading)
4062.T,Ibiden,2026-02-26,0.172,-0.734,轉弱(Weakening)
4062.T,Ibiden,2026-03-31,-1.267,-0.827,落後(Lagging)
4062.T,Ibiden,2026-04-30,1.97,1.787,領先(Leading)
4062.T,Ibiden,2026-05-29,2.443,1.825,領先(Leading)
4062.T,Ibiden,2026-06-30,1.236,-0.304,轉弱(Weakening)
4062.T,Ibiden,2026-07-31,-0.115,-1.405,落後(Lagging)
4062.T,Ibiden,2026-08-31,0.279,0.824,領先(Leading)
4062.T,Ibiden,2026-09-11,0.323,-0.461,轉弱(Weakening)
