date,ticker,raw_minus_clean,gap_days
2020-09-09,002156.SZ,-0.0400394867113846,2
2020-09-09,002185.SZ,-0.025231539686628085,2
2020-09-09,005930.KS,0.038199128106136605,2
2020-09-09,2330.TW,0.011669206881476251,2
2020-09-09,2449.TW,-0.004788450977312863,2
2020-09-09,3037.TW,0.015141618982240153,2
2020-09-09,3264.TWO,0.02140754436100946,2
2020-09-09,3711.TW,0.0065360793274306835,2
2020-09-09,4062.T,0.028290551750837622,2
2020-09-09,600584.SS,-0.025953665833465277,2
2020-09-09,6239.TW,0.005691477177264137,2
2020-09-09,8046.TW,0.011787922167340436,2
2020-09-23,002156.SZ,0.030034971371552033,5
2020-09-23,002185.SZ,-0.014045083897352633,5
2020-09-23,005930.KS,-0.01872393173759768,5
2020-09-23,2330.TW,-0.01589135718586246,5
2020-09-23,2449.TW,-0.03743310817650939,5
2020-09-23,3037.TW,-0.01028283202362101,5
2020-09-23,3189.TW,-0.036959126216761645,5
2020-09-23,3264.TWO,-0.025242520950581906,5
2020-09-23,3711.TW,-0.03257606329204851,5
2020-09-23,600584.SS,-0.011966377017972093,5
2020-09-23,6239.TW,-0.015766003122929605,5
2020-09-23,8046.TW,-0.057377154513403604,5
2020-09-23,AMKR,-0.028270644239057285,5
2020-09-23,INTC,-0.011995249187021204,5
2020-10-12,002156.SZ,0.02176830064018493,13
2020-10-12,002185.SZ,0.010108442839653668,13
2020-10-12,005930.KS,0.02544662980176214,13
2020-10-12,2330.TW,0.04978388423915093,13
2020-10-12,2449.TW,0.011447451431647715,13
2020-10-12,3037.TW,0.13488014970001855,13
2020-10-12,3189.TW,0.04812946679696772,13
2020-10-12,3264.TWO,0.025896315598463362,13
2020-10-12,3711.TW,0.048302575238079126,13
2020-10-12,4062.T,0.05275059860687728,13
2020-10-12,600584.SS,0.02421694433814084,13
2020-10-12,6239.TW,0.019710859652304114,13
2020-10-12,8046.TW,0.09059693616669243,13
2020-10-12,AMKR,0.08412631022665734,13
2020-10-12,INTC,0.03702691259118612,13
2020-11-04,002156.SZ,-0.006235496381071553,2
2020-11-04,002185.SZ,0.0054681544502446985,2
2020-11-04,005930.KS,0.024097784981528994,2
2020-11-04,2330.TW,0.01255013918155638,2
2020-11-04,2449.TW,0.00663357359076526,2
2020-11-04,3037.TW,0.0167304361481359,2
2020-11-04,3189.TW,0.01373636370802405,2
2020-11-04,3264.TWO,0.0030302644275825383,2
2020-11-04,600584.SS,-0.007297429605958972,2
2020-11-04,6239.TW,0.020107017876110824,2
2020-11-04,8046.TW,0.012793466596138954,2
2020-11-04,AMKR,-0.0033815127802152567,2
2020-11-04,INTC,0.004056777767183039,2
2020-11-24,002156.SZ,-0.01169618045874038,4
2020-11-24,002185.SZ,0.01110035681231945,4
2020-11-24,005930.KS,0.0423662660977169,4
2020-11-24,2330.TW,0.017267804127210927,4
2020-11-24,2449.TW,0.042174782311119166,4
2020-11-24,3037.TW,0.03886508928477411,4
2020-11-24,3189.TW,0.023654196221964616,4
2020-11-24,3264.TWO,0.05257076635901208,4
2020-11-24,3711.TW,0.013624210909666885,4
2020-11-24,600584.SS,0.02075039946164905,4
2020-11-24,6239.TW,0.007713435519158813,4
2020-11-24,8046.TW,0.007220291304700227,4
2020-11-24,AMKR,-0.0007406790957662293,4
2020-11-24,INTC,-0.005054260838526944,4
2020-11-30,002156.SZ,0.0018617080965773296,4
2020-11-30,002185.SZ,-0.003804690945565053,4
2020-11-30,005930.KS,0.002936785333724417,4
2020-11-30,2449.TW,0.02026115332882992,4
2020-11-30,3037.TW,0.008889012254305714,4
2020-11-30,3189.TW,-0.015267382304088037,4
2020-11-30,3264.TWO,0.004045962367601242,4
2020-11-30,3711.TW,0.012170501789617733,4
2020-11-30,4062.T,0.006078978421676379,4
2020-11-30,600584.SS,-0.019153787727007845,4
2020-11-30,6239.TW,-0.001098218500635597,4
2020-11-30,8046.TW,0.035718088243121546,4
2020-12-29,002156.SZ,-0.04753039363452233,5
2020-12-29,002185.SZ,-0.025898593329988923,5
2020-12-29,005930.KS,0.011501774564829929,5
2020-12-29,2330.TW,0.00975627915728242,5
2020-12-29,2449.TW,0.03785032505338189,5
2020-12-29,3037.TW,0.009422988382373501,5
2020-12-29,3189.TW,-0.02454090260608593,5
2020-12-29,3264.TWO,0.017004911305997756,5
2020-12-29,3711.TW,0.014796878462972358,5
2020-12-29,4062.T,0.017848362113540815,5
2020-12-29,600584.SS,-0.029867612028888095,5
2020-12-29,6239.TW,0.009438949364779719,5
2020-12-29,8046.TW,0.011594403804282283,5
2020-12-29,AMKR,-0.0033301263338838104,5
2020-12-29,INTC,0.010679351375306661,5
2021-01-05,002156.SZ,0.024682813510663912,6
2021-01-05,002185.SZ,0.03454954110806207,6
2021-01-05,005930.KS,0.024391116192515525,6
2021-01-05,2330.TW,0.020735774672429336,6
2021-01-05,2449.TW,0.010064696452246776,6
2021-01-05,3037.TW,0.04059187220358103,6
2021-01-05,3189.TW,0.054393923761505564,6
2021-01-05,3264.TWO,0.02203598544558007,6
2021-01-05,3711.TW,0.026571689309335844,6
2021-01-05,4062.T,-0.013591488126912998,6
2021-01-05,600584.SS,0.033715116204508684,6
2021-01-05,6239.TW,0.006362674039819676,6
2021-01-05,8046.TW,0.11653377552160363,6
2021-01-05,AMKR,0.018742207729794236,6
2021-01-05,INTC,0.00866841074604828,6
2021-01-12,002156.SZ,0.018409946619401145,4
2021-01-12,002185.SZ,0.002836945881042434,4
2021-01-12,005930.KS,0.024472541700312465,4
2021-01-12,2330.TW,0.006872859335189335,4
2021-01-12,2449.TW,0.012596357331630344,4
2021-01-12,3037.TW,0.05079443381905009,4
2021-01-12,3189.TW,0.028589864862349136,4
2021-01-12,3264.TWO,0.04563527475049268,4
2021-01-12,3711.TW,0.026907453920146433,4
2021-01-12,600584.SS,0.03483712737899784,4
2021-01-12,6239.TW,0.009331405049221787,4
2021-01-12,8046.TW,0.022884310875122486,4
2021-01-12,AMKR,-0.007172872576260977,4
2021-01-12,INTC,-0.01040056428947662,4
2021-01-20,002156.SZ,-0.00644621576765007,2
2021-01-20,002185.SZ,0.008761054205097693,2
2021-01-20,005930.KS,0.023256949345933465,2
2021-01-20,2330.TW,0.03241787458670773,2
2021-01-20,2449.TW,0.034531804678143055,2
2021-01-20,3037.TW,0.014629260490327443,2
2021-01-20,3189.TW,-0.004550536583876415,2
2021-01-20,3264.TWO,0.017241746510654916,2
2021-01-20,3711.TW,0.04855320853158518,2
2021-01-20,4062.T,0.02146400010903043,2
2021-01-20,600584.SS,-0.021600896382239637,2
2021-01-20,6239.TW,-0.004914066686072577,2
2021-01-20,8046.TW,-0.009009124127068242,2
2021-02-18,002156.SZ,0.04079003185993612,13
2021-02-18,002185.SZ,0.02097179751569484,13
2021-02-18,005930.KS,-0.003598952202727058,13
2021-02-18,2330.TW,0.04788571587793665,13
2021-02-18,2449.TW,0.038221276956966276,13
2021-02-18,3037.TW,0.02096047916551156,13
2021-02-18,3189.TW,0.09497059813172098,13
2021-02-18,3264.TWO,0.030038615702135507,13
2021-02-18,3711.TW,0.09487925891489525,13
2021-02-18,4062.T,-0.018218924862921454,13
2021-02-18,600584.SS,0.04466882437397446,13
2021-02-18,6239.TW,0.017893167551227954,13
2021-02-18,8046.TW,0.07800868501207593,13
2021-02-18,AMKR,0.3752762832450496,13
2021-02-18,INTC,0.060714622530873945,13
2021-02-24,002156.SZ,-0.018920595747432968,2
2021-02-24,002185.SZ,-0.014356061469842443,2
2021-02-24,005930.KS,-0.0024357241646809132,2
2021-02-24,2330.TW,-0.013943026164088396,2
2021-02-24,2449.TW,-0.021424939880078903,2
2021-02-24,3037.TW,0.04308343916749323,2
2021-02-24,3189.TW,-0.03302674189675926,2
2021-02-24,3264.TWO,-0.013986079197418592,2
2021-02-24,3711.TW,-0.018018534566270554,2
2021-02-24,600584.SS,-0.027398878133061938,2
2021-02-24,6239.TW,0.009804002578859113,2
2021-02-24,8046.TW,-0.0292873557290453,2
2021-02-24,AMKR,0.004644406735751041,2
2021-02-24,INTC,-0.037185045994142546,2
2021-03-02,002156.SZ,0.035718054702104506,4
2021-03-02,002185.SZ,0.028278675998137572,4
2021-03-02,4062.T,0.031820627254016076,4
2021-03-02,600584.SS,0.022742421234195738,4
2021-03-02,AMKR,0.04757670618448284,4
2021-03-02,INTC,0.006271623755168154,4
2021-04-07,002156.SZ,0.0652509748747791,6
2021-04-07,002185.SZ,0.047163135520120955,6
2021-04-07,005930.KS,0.03671213130834289,6
2021-04-07,4062.T,-0.005752631443266876,6
2021-04-07,600584.SS,0.09107052193922494,6
2021-04-07,AMKR,0.10670943498887758,6
2021-04-07,INTC,0.03892023929204015,6
2021-05-06,002156.SZ,0.03718260641169803,8
2021-05-06,002185.SZ,0.010208198591940158,8
2021-05-06,005930.KS,0.006071945840142298,8
2021-05-06,2330.TW,-0.028645565012714095,8
2021-05-06,2449.TW,-0.05440686850691491,8
2021-05-06,3037.TW,-0.1278335471865239,8
2021-05-06,3189.TW,-0.13747084507841875,8
2021-05-06,3264.TWO,-0.1335314766115518,8
2021-05-06,3711.TW,-0.14403948069839295,8
2021-05-06,4062.T,-0.048974145161732346,8
2021-05-06,600584.SS,-0.013227323644780506,8
2021-05-06,6239.TW,-0.10194006276078202,8
2021-05-06,8046.TW,-0.08931557001341361,8
2021-05-06,AMKR,-0.06777274790103208,8
2021-05-06,INTC,-0.018630154195522435,8
2021-05-20,002156.SZ,-0.0041342342072135385,2
2021-05-20,002185.SZ,-0.0024743443149443795,2
2021-05-20,2330.TW,-0.008779371372720798,2
2021-05-20,2449.TW,-0.020372293537271186,2
2021-05-20,3037.TW,-0.0161781697952059,2
2021-05-20,3189.TW,-0.002125308598324341,2
2021-05-20,3264.TWO,0.010256482850275594,2
2021-05-20,3711.TW,-0.009433954333236618,2
2021-05-20,4062.T,-0.00887912382103434,2
2021-05-20,600584.SS,-0.0020928518251152536,2
2021-05-20,6239.TW,0.01990115943145402,2
2021-05-20,8046.TW,-0.02119068660370918,2
2021-05-20,AMKR,0.004134286449218805,2
2021-05-20,INTC,-0.008895329788658306,2
2021-06-02,002156.SZ,0.012680968374532984,2
2021-06-02,002185.SZ,0.005449558161421794,2
2021-06-02,005930.KS,0.0012414581365678616,2
2021-06-02,2330.TW,0.001673737841504821,2
2021-06-02,2449.TW,0.012651022536125742,2
2021-06-02,3037.TW,0.004434468640716296,2
2021-06-02,3264.TWO,0.007033986580009567,2
2021-06-02,3711.TW,0.013363293728139911,2
2021-06-02,4062.T,0.03291672555954663,2
2021-06-02,600584.SS,0.019717671659200818,2
2021-06-02,8046.TW,-0.013709293025683425,2
2021-06-15,005930.KS,-0.0061919356620765646,4
2021-06-15,4062.T,0.0071813024289141755,4
2021-06-15,AMKR,0.021856298637970065,4
2021-06-15,INTC,0.00815756138406717,4
2021-07-07,002156.SZ,-0.008309065127164478,2
2021-07-07,002185.SZ,0.013596805211882116,2
2021-07-07,005930.KS,0.009901192675026305,2
2021-07-07,2330.TW,0.0016908688350797348,2
2021-07-07,2449.TW,0.0011266680508051526,2
2021-07-07,3037.TW,0.003780806924869942,2
2021-07-07,3189.TW,0.058268854265629756,2
2021-07-07,3264.TWO,-0.004362306091320576,2
2021-07-07,3711.TW,-0.008810556332544184,2
2021-07-07,4062.T,0.014598827009597382,2
2021-07-07,600584.SS,0.006456308252423798,2
2021-07-07,6239.TW,-0.004576621157424129,2
2021-07-07,8046.TW,0.0036877190989702407,2
2021-07-26,002156.SZ,-0.02956760810246125,5
2021-07-26,002185.SZ,-0.023631558690865806,5
2021-07-26,005930.KS,0.010139630644146051,5
2021-07-26,2449.TW,0.031507087326733504,5
2021-07-26,3037.TW,0.014440697711120061,5
2021-07-26,3189.TW,0.0461620018803711,5
2021-07-26,3264.TWO,-0.02247283757982236,5
2021-07-26,3711.TW,-0.03838417678470745,5
2021-07-26,600584.SS,-0.042826608880097414,5
2021-07-26,6239.TW,-0.004514634876474919,5
2021-07-26,8046.TW,-0.04372973890703433,5
2021-07-26,AMKR,0.02522830214896139,5
2021-07-26,INTC,0.012949816077921207,5
2021-08-10,002156.SZ,-0.02468159317536541,4
2021-08-10,002185.SZ,-0.018638710159397914,4
2021-08-10,2330.TW,0.006745487260506488,4
2021-08-10,2449.TW,-0.03541077594933537,4
2021-08-10,3037.TW,-0.006872914726712507,4
2021-08-10,3189.TW,-0.030771638024761946,4
2021-08-10,3264.TWO,-0.021294885160932128,4
2021-08-10,3711.TW,-0.007782075989280095,4
2021-08-10,600584.SS,-0.03223130571912991,4
2021-08-10,6239.TW,0.004415049024947134,4
2021-08-10,8046.TW,-0.0329901680108692,4
2021-08-10,AMKR,0.01135747837338372,4
2021-08-10,INTC,0.0005565715460255373,4
2021-08-17,002156.SZ,-0.00048179765625281507,4
2021-08-17,002185.SZ,0.0038535799816486124,4
2021-08-17,2330.TW,0.005150070504262098,4
2021-08-17,2449.TW,-0.00668889632186782,4
2021-08-17,3037.TW,0.011049766095111171,4
2021-08-17,3189.TW,-0.011527507162491233,4
2021-08-17,3264.TWO,-0.00529565797040638,4
2021-08-17,3711.TW,0.01652924760034795,4
2021-08-17,600584.SS,-0.004277677291844598,4
2021-08-17,6239.TW,-0.01851917823363251,4
2021-08-17,8046.TW,-0.011912721787567717,4
2021-08-17,AMKR,0.004959123154238747,4
2021-08-17,INTC,-0.0009344311605098275,4
2021-09-08,002156.SZ,0.000984802730373168,2
2021-09-08,002185.SZ,0.008671722829513099,2
2021-09-08,005930.KS,-0.015645548037031817,2
2021-09-08,2330.TW,-0.012759314085068247,2
2021-09-08,2449.TW,-0.008781467347622099,2
2021-09-08,3037.TW,-0.0396090729752707,2
2021-09-08,3189.TW,-0.028795002223509822,2
2021-09-08,3264.TWO,-0.009077237097175984,2
2021-09-08,3711.TW,-0.024391393969010106,2
2021-09-08,4062.T,-0.01232679311853881,2
2021-09-08,600584.SS,0.004145539902357958,2
2021-09-08,8046.TW,-0.03363536576631407,2
2021-09-24,002156.SZ,0.014561015877916894,7
2021-09-24,002185.SZ,0.008000065650661102,7
2021-09-24,005930.KS,0.0025870767240538336,7
2021-09-24,2330.TW,-0.020202689160806926,7
2021-09-24,2449.TW,-0.016336458040849045,7
2021-09-24,3037.TW,-0.038001318070826004,7
2021-09-24,3189.TW,0.014051697034497313,7
2021-09-24,3264.TWO,-0.03922070731100458,7
2021-09-24,3711.TW,-0.012793483744445546,7
2021-09-24,4062.T,-0.030168116345095003,7
2021-09-24,600584.SS,0.01636604101034344,7
2021-09-24,6239.TW,-0.01869217098832941,7
2021-09-24,8046.TW,0.020441780502193932,7
2021-09-24,AMKR,-0.08876317796118992,7
2021-09-24,INTC,-0.0245559586304345,7
2021-10-08,005930.KS,-0.0343202367288422,8
2021-10-08,2449.TW,-0.020975557870977928,8
2021-10-08,3037.TW,-0.04255951154742726,8
2021-10-08,3189.TW,0.04359034536983021,8
2021-10-08,3264.TWO,-0.03833219086660444,8
2021-10-08,3711.TW,-0.07622742132335728,8
2021-10-08,4062.T,-0.10715426767161719,8
2021-10-08,6239.TW,-0.029128187686262602,8
2021-10-08,8046.TW,-0.009237893843358408,8
2021-10-08,AMKR,0.0011910909501439797,8
2021-10-08,INTC,0.009118901863912027,8
2021-10-12,002156.SZ,0.0005182539708814132,4
2021-10-12,002185.SZ,0.005730659227140935,4
2021-10-12,4062.T,0.026156671118640642,4
2021-10-12,600584.SS,0.0030805658291975756,4
2021-10-12,AMKR,-0.01967795258560797,4
2021-10-12,INTC,-0.00685245574946825,4
2021-11-04,002156.SZ,0.002892878570750604,2
2021-11-04,002185.SZ,-0.0022962484236415948,2
2021-11-04,005930.KS,-0.01550422222176308,2
2021-11-04,2449.TW,0.014962802239770086,2
2021-11-04,3037.TW,-0.044335721026327546,2
2021-11-04,3189.TW,0.035830959447361345,2
2021-11-04,3264.TWO,-0.027120300458096692,2
2021-11-04,3711.TW,-0.005073727791716622,2
2021-11-04,600584.SS,-0.0021695728993685317,2
2021-11-04,6239.TW,0.006217700698574614,2
2021-11-04,8046.TW,0.007575888416128751,2
2021-11-04,AMKR,-0.017660219640813567,2
2021-11-04,INTC,0.006236925547309723,2
2021-11-24,002156.SZ,-0.009389738655329827,2
2021-11-24,002185.SZ,-0.010589472635551364,2
2021-11-24,005930.KS,0.005326287713280018,2
2021-11-24,2330.TW,-0.004889981571240348,2
2021-11-24,2449.TW,0.0034542188780404253,2
2021-11-24,3037.TW,0.0050891901808180935,2
2021-11-24,3189.TW,-0.025533345804019662,2
2021-11-24,3264.TWO,-0.028170872445887247,2
2021-11-24,3711.TW,-0.014184601435123893,2
2021-11-24,600584.SS,0.014792631168858181,2
2021-11-24,6239.TW,-0.0010085002872264074,2
2021-11-24,8046.TW,-0.005362041288414625,2
2021-11-24,AMKR,-0.08463880541799398,2
2021-11-24,INTC,0.0062404826072646104,2
2021-11-29,002156.SZ,-0.04313082885292592,4
2021-11-29,002185.SZ,-0.02030535120017056,4
2021-11-29,005930.KS,-0.019178766969116724,4
2021-11-29,2330.TW,-0.011676668539570334,4
2021-11-29,2449.TW,-0.02117727843531632,4
2021-11-29,3037.TW,-0.014354168512562918,4
2021-11-29,3189.TW,-0.034045874417262825,4
2021-11-29,3264.TWO,-0.03522150387319386,4
2021-11-29,3711.TW,-0.024332166287405952,4
2021-11-29,4062.T,-0.0028653933975553185,4
2021-11-29,600584.SS,-0.015870985923624955,4
2021-11-29,6239.TW,-0.014271573584354443,4
2021-11-29,8046.TW,0.010309497953049595,4
2021-12-28,002156.SZ,0.0062273357971285,4
2021-12-28,002185.SZ,-0.005566599795692023,4
2021-12-28,005930.KS,-0.0037336200297789267,4
2021-12-28,2330.TW,0.0033056378824949783,4
2021-12-28,2449.TW,0.006825933849499623,4
2021-12-28,3037.TW,-0.012631761571868634,4
2021-12-28,3189.TW,-0.006309251448823251,4
2021-12-28,4062.T,0.0058737106540185414,4
2021-12-28,600584.SS,0.006581069198591692,4
2021-12-28,6239.TW,0.0040608274268159154,4
2021-12-28,8046.TW,0.015748215857440816,4
2022-01-04,002185.SZ,0.0031521149163618225,5
2022-01-04,2330.TW,0.025683918221670488,5
2022-01-04,2449.TW,-0.005596069764113893,5
2022-01-04,3189.TW,0.012793300046134722,5
2022-01-04,3264.TWO,-0.014519225764360804,5
2022-01-04,3711.TW,-0.009434040368719102,5
2022-01-04,600584.SS,0.0077670771573973806,5
2022-01-04,6239.TW,0.00713923411504409,5
2022-01-04,8046.TW,0.01904822157954363,5
2022-01-04,AMKR,-0.0008062339887488779,5
2022-01-04,INTC,-0.006387339077987365,5
2022-01-11,002185.SZ,-0.010404237115646177,4
2022-01-11,005930.KS,-0.003838766220510547,4
2022-01-11,2330.TW,0.014095649884402,4
2022-01-11,2449.TW,-0.007869593834206809,4
2022-01-11,3037.TW,-0.03747520934748112,4
2022-01-11,3189.TW,-0.028641624089635095,4
2022-01-11,3264.TWO,0.01132085193848183,4
2022-01-11,3711.TW,-0.0047057589286991965,4
2022-01-11,600584.SS,-0.039352577133569364,4
2022-01-11,6239.TW,0.010235474288249112,4
2022-01-11,8046.TW,-0.07631596046196326,4
2022-01-11,AMKR,-0.06094716646804856,4
2022-01-11,INTC,-0.010609612329830286,4
2022-01-19,002156.SZ,0.008893641384463484,2
2022-01-19,002185.SZ,0.008071012815836167,2
2022-01-19,005930.KS,-0.006472459305594569,2
2022-01-19,2330.TW,-0.031229364890940598,2
2022-01-19,2449.TW,0.0031932801209002062,2
2022-01-19,3037.TW,0.002254769556375564,2
2022-01-19,3189.TW,0.04225988026985421,2
2022-01-19,3264.TWO,-0.00944294957732488,2
2022-01-19,3711.TW,-0.004640338533427071,2
2022-01-19,4062.T,0.008915330854289992,2
2022-01-19,600584.SS,0.006849205682894986,2
2022-01-19,8046.TW,0.03168961090024712,2
2022-02-07,002156.SZ,-0.009148103810016003,12
2022-02-07,002185.SZ,-0.040366147411229125,12
2022-02-07,4062.T,0.071575400124066,12
2022-02-07,600584.SS,-0.056475434382755686,12
2022-02-07,AMKR,-0.00752607702728951,12
2022-02-07,INTC,-0.054808163798516475,12
2022-02-14,002156.SZ,-0.011781432027031427,4
2022-02-14,002185.SZ,-0.011894837397198623,4
2022-02-14,005930.KS,-0.006653442212927765,4
2022-02-14,2330.TW,0.001539678462752079,4
2022-02-14,2449.TW,-0.003372558809022517,4
2022-02-14,3037.TW,0.02047855494376249,4
2022-02-14,3189.TW,0.002259788985585459,4
2022-02-14,3264.TWO,-0.013121203244046954,4
2022-02-14,3711.TW,-0.00484258160403294,4
2022-02-14,600584.SS,-0.005740967377086724,4
2022-02-14,6239.TW,-0.00828163819714056,4
2022-02-14,8046.TW,-0.0038835484256193945,4
2022-02-14,AMKR,-0.03932502610564698,4
2022-02-14,INTC,-0.02126232269031093,4
2022-02-24,002156.SZ,0.019597750671988635,3
2022-02-24,002185.SZ,0.01396327406643329,3
2022-02-24,2330.TW,-0.011137659829936572,3
2022-02-24,2449.TW,-0.01026826623067972,3
2022-02-24,3037.TW,0.012552339275821745,3
2022-02-24,3189.TW,-0.013953737249572353,3
2022-02-24,3264.TWO,-0.019608580899477663,3
2022-02-24,3711.TW,-0.028987561129831384,3
2022-02-24,4062.T,-0.03364819518528639,3
2022-02-24,600584.SS,0.021315185703069343,3
2022-02-24,6239.TW,-0.012565533220547254,3
2022-02-24,8046.TW,-0.007533020295409545,3
2022-02-24,AMKR,-0.031611360088824106,3
2022-02-24,INTC,-0.007801072196719918,3
2022-03-02,002156.SZ,-0.01212122062341146,5
2022-03-02,002185.SZ,-0.0041754641362615795,5
2022-03-02,2449.TW,0.008013743838871577,5
2022-03-02,3037.TW,-0.02997230858815226,5
2022-03-02,3189.TW,-0.011074278383678625,5
2022-03-02,3264.TWO,0.01373920765844042,5
2022-03-02,3711.TW,0.036583474093167166,5
2022-03-02,4062.T,0.030386585993362213,5
2022-03-02,600584.SS,-0.0007119205236435222,5
2022-03-02,6239.TW,0.012658422599848746,5
2022-03-02,8046.TW,0.02822381009335362,5
2022-03-02,AMKR,-0.023553687470669785,5
2022-03-02,INTC,0.02075904479430708,5
2022-03-10,002156.SZ,-0.010582141613499909,2
2022-03-10,002185.SZ,-0.017296808966003954,2
2022-03-10,2330.TW,0.00884185746181889,2
2022-03-10,2449.TW,-0.0023866248068985744,2
2022-03-10,3037.TW,0.04967148929003976,2
2022-03-10,3189.TW,0.0026917655044710817,2
2022-03-10,3264.TWO,0.010298762060642744,2
2022-03-10,3711.TW,0.021616906929048982,2
2022-03-10,4062.T,-0.013448761498448758,2
2022-03-10,600584.SS,0.006644551333236503,2
2022-03-10,6239.TW,0.024378550994805456,2
2022-03-10,8046.TW,0.022869976658298742,2
2022-03-10,AMKR,0.03020782592656085,2
2022-03-10,INTC,-0.0037822492474580225,2
2022-03-22,002156.SZ,0.007417902831061,4
2022-03-22,002185.SZ,0.0018049370813742957,4
2022-03-22,005930.KS,-0.011380093504076504,4
2022-03-22,2330.TW,0.00856911658683565,4
2022-03-22,2449.TW,0.009378688081749853,4
2022-03-22,3037.TW,0.029182775775417554,4
2022-03-22,3189.TW,0.021053294072721277,4
2022-03-22,3264.TWO,-0.0019861540548249366,4
2022-03-22,3711.TW,0.004773236661498004,4
2022-03-22,600584.SS,0.010903652162538711,4
2022-03-22,6239.TW,-0.005099384746197692,4
2022-03-22,8046.TW,0.01651230418575237,4
2022-03-22,AMKR,0.016274544411506404,4
2022-03-22,INTC,0.006554682806089527,4
2022-04-06,005930.KS,0.0014460562841787962,5
2022-04-06,4062.T,-0.001662544467331488,5
2022-04-06,AMKR,-0.01530995464816276,5
2022-04-06,INTC,-0.007290312529834277,5
2022-04-19,002156.SZ,0.021234933520104804,4
2022-04-19,002185.SZ,0.017499069467079187,4
2022-04-19,005930.KS,0.0015002331961489982,4
2022-04-19,2330.TW,-0.0017812680406675899,4
2022-04-19,3037.TW,0.007290359684843418,4
2022-04-19,3189.TW,0.016438660886639384,4
2022-04-19,3264.TWO,-0.009809372086044755,4
2022-04-19,4062.T,-0.011278355263402498,4
2022-04-19,600584.SS,0.020834202090331294,4
2022-04-19,6239.TW,-0.0010734600884274598,4
2022-04-19,8046.TW,-0.0011345039135432257,4
2022-05-06,002156.SZ,0.046307981403733434,8
2022-05-06,002185.SZ,-0.009411905650483159,8
2022-05-06,005930.KS,0.046730435172314566,8
2022-05-06,2330.TW,0.020504378404932456,8
2022-05-06,2449.TW,0.01703190452456165,8
2022-05-06,3037.TW,0.0590489915457041,8
2022-05-06,3189.TW,0.12020312416411456,8
2022-05-06,3264.TWO,0.04385194752725356,8
2022-05-06,3711.TW,0.05847175103712718,8
2022-05-06,4062.T,-0.023554456079577436,8
2022-05-06,600584.SS,0.1247399163681478,8
2022-05-06,6239.TW,0.01279348308173215,8
2022-05-06,8046.TW,0.05659564085863164,8
2022-05-06,AMKR,0.059475960270625204,8
2022-05-06,INTC,0.02877260285070559,8
2022-05-10,002156.SZ,0.0007696523685538394,4
2022-05-10,002185.SZ,0.025784106400813113,4
2022-05-10,2330.TW,-0.015267722482125275,4
2022-05-10,2449.TW,0.02239351806864585,4
2022-05-10,3037.TW,0.014319990690252492,4
2022-05-10,3189.TW,-0.023739859217975293,4
2022-05-10,3264.TWO,-0.01663923354448147,4
2022-05-10,3711.TW,-0.018947970909822108,4
2022-05-10,4062.T,-0.003220355542331965,4
2022-05-10,600584.SS,0.003927523619417752,4
2022-05-10,6239.TW,-0.005344890416061619,4
2022-05-10,8046.TW,-0.016321686549515935,4
2022-05-10,AMKR,0.019216530674938878,4
2022-05-10,INTC,-0.006749318900498288,4
2022-06-02,002156.SZ,0.011544152253245538,3
2022-06-02,002185.SZ,0.01991876749491786,3
2022-06-02,005930.KS,-0.0044411828929967045,3
2022-06-02,2330.TW,0.0036495781234846397,3
2022-06-02,2449.TW,0.010977007823657976,3
2022-06-02,3037.TW,-0.035846172270094664,3
2022-06-02,3189.TW,-0.03840937704098896,3
2022-06-02,3264.TWO,0.045368480592222246,3
2022-06-02,4062.T,-0.07161402213737184,3
2022-06-02,600584.SS,0.007951660960720534,3
2022-06-02,8046.TW,-0.06268365849609862,3
2022-06-02,AMKR,-0.005367102932222068,3
2022-06-02,INTC,-0.002922300434225836,3
2022-06-07,002156.SZ,0.031924927252312024,5
2022-06-07,002185.SZ,0.023556829638198003,5
2022-06-07,005930.KS,0.0014980495802266736,5
2022-06-07,2449.TW,0.005479333277693218,5
2022-06-07,3189.TW,0.014815144100131801,5
2022-06-07,3264.TWO,-0.0039762607694725305,5
2022-06-07,3711.TW,0.004796129767612468,5
2022-06-07,4062.T,0.013201447843053903,5
2022-06-07,600584.SS,0.03421534034292463,5
2022-06-07,6239.TW,-0.002028252113116335,5
2022-06-07,8046.TW,0.0026844574396711514,5
2022-06-07,AMKR,-0.0009864258768992988,5
2022-06-07,INTC,-0.0164574951566006,5
2022-06-22,002156.SZ,-0.0068028118052661235,2
2022-06-22,002185.SZ,-0.003288045100907279,2
2022-06-22,005930.KS,-0.0034130846370662663,2
2022-06-22,2330.TW,0.01395834205669772,2
2022-06-22,2449.TW,0.02600473603708526,2
2022-06-22,3037.TW,0.0734275520282387,2
2022-06-22,3189.TW,0.06759320939883083,2
2022-06-22,3264.TWO,0.015980659380716612,2
2022-06-22,3711.TW,0.03272295985143746,2
2022-06-22,4062.T,0.027834694379969965,2
2022-06-22,600584.SS,-0.005137438261025699,2
2022-06-22,6239.TW,0.01367707164046102,2
2022-06-22,8046.TW,0.04894938935637329,2
2022-07-06,002156.SZ,0.005390886684943634,2
2022-07-06,002185.SZ,-0.005491709870095587,2
2022-07-06,005930.KS,0.0017497892356954977,2
2022-07-06,2330.TW,0.01354442776820061,2
2022-07-06,2449.TW,0.013315909681090594,2
2022-07-06,3037.TW,0.029754295404604295,2
2022-07-06,3189.TW,0.018975976033577327,2
2022-07-06,3264.TWO,0.01579363939114141,2
2022-07-06,3711.TW,0.010752951920421623,2
2022-07-06,600584.SS,-0.004191089282533882,2
2022-07-06,6239.TW,0.011751098127077347,2
2022-07-06,8046.TW,0.0122200736911558,2
2022-07-19,002156.SZ,0.07356255913676879,4
2022-07-19,002185.SZ,0.029054899170274574,4
2022-07-19,005930.KS,0.03117575380323503,4
2022-07-19,2330.TW,0.0060729167952243155,4
2022-07-19,2449.TW,0.02597555753169504,4
2022-07-19,3037.TW,0.04375705101404472,4
2022-07-19,3189.TW,0.025879512705407212,4
2022-07-19,3264.TWO,0.03016638222310813,4
2022-07-19,3711.TW,0.023706636580402896,4
2022-07-19,600584.SS,0.028307432490035745,4
2022-07-19,6239.TW,0.04770728737345761,4
2022-07-19,8046.TW,0.02146425040124534,4
2022-07-19,AMKR,0.023324581050277918,4
2022-07-19,INTC,0.023844680164430254,4
2022-08-12,002185.SZ,0.016621082864352835,2
2022-08-12,005930.KS,0.013445852793445519,2
2022-08-12,2330.TW,0.027615016889622725,2
2022-08-12,2449.TW,0.014895278494219236,2
2022-08-12,3037.TW,0.016529366912438004,2
2022-08-12,3189.TW,0.019724464692823417,2
2022-08-12,3264.TWO,0.011560875280824756,2
2022-08-12,3711.TW,0.028330494648871635,2
2022-08-12,600584.SS,0.021155524723544088,2
2022-08-12,6239.TW,0.011628094828258627,2
2022-08-12,8046.TW,0.034037293311595725,2
2022-08-12,AMKR,0.0451627424516694,2
2022-08-12,INTC,0.024324974814637336,2
2022-08-16,002156.SZ,-0.04156211237007579,4
2022-08-16,002185.SZ,-0.028491933835994455,4
2022-08-16,2330.TW,0.011538507627286492,4
2022-08-16,2449.TW,0.007925965750331977,4
2022-08-16,3037.TW,0.03421798990663001,4
2022-08-16,3189.TW,0.03377433504901487,4
2022-08-16,3264.TWO,0.019091044524776772,4
2022-08-16,3711.TW,0.011111181561672696,4
2022-08-16,4062.T,0.025345889849929262,4
2022-08-16,600584.SS,-0.017742706261737295,4
2022-08-16,6239.TW,-0.0022962233413284373,4
2022-08-16,8046.TW,0.07547268767637937,4
2022-08-16,AMKR,0.03672588706113419,4
2022-08-16,INTC,0.014505273819055024,4
2022-09-07,002156.SZ,0.015903673591146708,2
2022-09-07,002185.SZ,0.005194712604919594,2
2022-09-07,2330.TW,0.006153822424399009,2
2022-09-07,2449.TW,-0.01250872487431865,2
2022-09-07,3037.TW,0.00722021655597569,2
2022-09-07,3189.TW,0.0044742413378931895,2
2022-09-07,3264.TWO,-0.005763631570201022,2
2022-09-07,3711.TW,0.001214475399972846,2
2022-09-07,4062.T,0.010520238235663898,2
2022-09-07,600584.SS,0.010960186739710581,2
2022-09-07,6239.TW,-0.003638368937097746,2
2022-09-07,8046.TW,0.012048301240709679,2
2022-09-13,002156.SZ,0.019236617436746435,5
2022-09-13,002185.SZ,0.0020920089058804464,5
2022-09-13,2330.TW,0.02392222623947965,5
2022-09-13,2449.TW,0.004157863609645851,5
2022-09-13,3037.TW,0.021277364808618988,5
2022-09-13,3189.TW,0.022173883183927254,5
2022-09-13,3264.TWO,0.01403151958154725,5
2022-09-13,3711.TW,0.010902612845054595,5
2022-09-13,4062.T,0.018733154640209283,5
2022-09-13,600584.SS,0.0011968264027066371,5
2022-09-13,6239.TW,0.004895994157978939,5
2022-09-13,8046.TW,0.01842424504628743,5
2022-09-13,AMKR,0.040077977333088745,5
2022-09-13,INTC,0.02608404426632522,5
2022-09-20,002156.SZ,-0.0618754809580637,4
2022-09-20,002185.SZ,-0.011428686991540156,4
2022-09-20,005930.KS,0.0035524170852957483,4
2022-09-20,2330.TW,-0.010649871133517445,4
2022-09-20,2449.TW,-0.007077156546718514,4
2022-09-20,3037.TW,0.011472384018633638,4
2022-09-20,3264.TWO,-0.02247295793470333,4
2022-09-20,3711.TW,0.008338290849523488,4
2022-09-20,600584.SS,-0.03101013203872544,4
2022-09-20,6239.TW,-0.017327250434625876,4
2022-09-20,8046.TW,0.0022547727615532037,4
2022-09-20,AMKR,0.0016576485854539868,4
2022-09-20,INTC,0.013774261416102454,4
2022-09-26,002156.SZ,-0.027729329656091213,4
2022-09-26,002185.SZ,-0.02446244962379475,4
2022-09-26,005930.KS,0.0018364781801137372,4
2022-09-26,2330.TW,-0.020664224037256422,4
2022-09-26,2449.TW,-0.017518807791520638,4
2022-09-26,3037.TW,-0.00809717559117306,4
2022-09-26,3189.TW,-0.020202698881957783,4
2022-09-26,3264.TWO,-0.020762005180595823,4
2022-09-26,3711.TW,-0.007117482017362807,4
2022-09-26,600584.SS,-0.026503401073192157,4
2022-09-26,6239.TW,-0.0037338017432935917,4
2022-09-26,8046.TW,-0.009708729543585114,4
2022-09-26,AMKR,-0.02132560700016224,4
2022-09-26,INTC,-0.0141493796934062,4
2022-10-11,002156.SZ,-0.046141124489932746,11
2022-10-11,002185.SZ,-0.0364590341520815,11
2022-10-11,005930.KS,0.056739733341777565,11
2022-10-11,2330.TW,0.03721358820750333,11
2022-10-11,2449.TW,0.022472839471770742,11
2022-10-11,3037.TW,0.021053353575739717,11
2022-10-11,3189.TW,0.07755833119711858,11
2022-10-11,3264.TWO,0.056959047035961205,11
2022-10-11,3711.TW,0.02344336722610861,11
2022-10-11,4062.T,0.11328371658268924,11
2022-10-11,600584.SS,-0.042417558682958885,11
2022-10-11,8046.TW,0.07637299722753513,11
2022-10-11,AMKR,0.07772049006432202,11
2022-10-11,INTC,-0.025337354228662283,11
2022-11-04,002156.SZ,0.047835284885009065,2
2022-11-04,002185.SZ,0.009019263946494478,2
2022-11-04,005930.KS,-0.00673400979565697,2
2022-11-04,2330.TW,-0.02824303693666772,2
2022-11-04,2449.TW,-0.0015093353477457058,2
2022-11-04,3189.TW,-0.009345935347760476,2
2022-11-04,3264.TWO,0.0034148523556102473,2
2022-11-04,3711.TW,-0.006269588573952843,2
2022-11-04,600584.SS,0.010915336592935969,2
2022-11-04,8046.TW,-0.0023014769000162345,2
2022-11-04,AMKR,-0.000976536253430962,2
2022-11-04,INTC,-0.03158909419169059,2
2022-11-24,002156.SZ,-0.03169577306642159,2
2022-11-24,002185.SZ,-0.01571312418612222,2
2022-11-24,005930.KS,0.006579018377383872,2
2022-11-24,2330.TW,0.0020347089605084884,2
2022-11-24,2449.TW,0.0014194181107012576,2
2022-11-24,3037.TW,-0.01615550400185365,2
2022-11-24,3189.TW,-0.00424625391464804,2
2022-11-24,3711.TW,0.010493234444124559,2
2022-11-24,600584.SS,-0.014850824909471115,2
2022-11-24,6239.TW,0.00839830104054104,2
2022-11-24,8046.TW,-0.01151647175217933,2
2022-11-24,AMKR,0.01202839612186072,2
2022-11-24,INTC,0.029954578231651107,2
2022-11-28,002156.SZ,-0.019485062658859572,4
2022-11-28,002185.SZ,-0.0022858901506112167,4
2022-11-28,005930.KS,-0.006535949218524148,4
2022-11-28,2330.TW,0.004024190519384234,4
2022-11-28,2449.TW,-0.011347604324387984,4
2022-11-28,3037.TW,-0.006369473739802251,4
2022-11-28,3189.TW,0.004157973845413892,4
2022-11-28,3264.TWO,0.017111527183490627,4
2022-11-28,3711.TW,-0.0031169842974746523,4
2022-11-28,4062.T,0.0017681787700331141,4
2022-11-28,600584.SS,-0.014670219446759631,4
2022-11-28,6239.TW,-0.014337232016604393,4
2022-11-28,8046.TW,0.0036968921931168465,4
2022-12-28,002156.SZ,0.00506030843682663,2
2022-12-28,002185.SZ,0.0011689965593469059,2
2022-12-28,005930.KS,0.0034485936257165027,2
2022-12-28,2330.TW,0.0010947502775519175,2
2022-12-28,2449.TW,0.004112390990254067,2
2022-12-28,3037.TW,-0.004073341550698252,2
2022-12-28,3189.TW,0.014051785376791177,2
2022-12-28,3264.TWO,-0.005058115646239494,2
2022-12-28,3711.TW,0.0053049372418071125,2
2022-12-28,4062.T,-0.018270452533441166,2
2022-12-28,600584.SS,0.0008533083181821149,2
2022-12-28,6239.TW,-0.0036742410428020796,2
2022-12-28,8046.TW,0.004210567054364619,2
2023-01-04,002185.SZ,0.02395333871145131,6
2023-01-04,005930.KS,0.001806523185550822,6
2023-01-04,2330.TW,0.015573294884874255,6
2023-01-04,2449.TW,0.017919045465759117,6
2023-01-04,3037.TW,0.0041067981038504005,6
2023-01-04,3264.TWO,0.026559165724930184,6
2023-01-04,3711.TW,0.008492511140402902,6
2023-01-04,4062.T,0.018987897885017663,6
2023-01-04,600584.SS,0.01592465351504351,6
2023-01-04,6239.TW,0.004968864784513694,6
2023-01-04,8046.TW,0.008620668178286633,6
2023-01-04,AMKR,0.01682114613641371,6
2023-01-04,INTC,0.034253896062360026,6
2023-01-10,002156.SZ,0.006378497276771124,4
2023-01-10,002185.SZ,0.0023419875376171715,4
2023-01-10,005930.KS,0.0284061485360853,4
2023-01-10,2330.TW,0.04790695071071825,4
2023-01-10,2449.TW,0.02159315335593417,4
2023-01-10,3037.TW,0.03593201949113882,4
2023-01-10,3189.TW,0.009345935347760445,4
2023-01-10,3264.TWO,0.01584210552430039,4
2023-01-10,3711.TW,0.04247342807641486,4
2023-01-10,600584.SS,0.001666553946106361,4
2023-01-10,6239.TW,0.01605960517854875,4
2023-01-10,8046.TW,0.03668153998831947,4
2023-01-10,AMKR,0.058254486983301434,4
2023-01-10,INTC,0.04157633266666179,4
2023-01-30,002156.SZ,0.04343680636651662,14
2023-01-30,002185.SZ,0.026152737790871232,14
2023-01-30,005930.KS,0.0557024662286809,14
2023-01-30,2330.TW,-0.0039683453907897875,14
2023-01-30,2449.TW,-0.0013450852330908654,14
2023-01-30,3037.TW,-0.00784320843942514,14
2023-01-30,3189.TW,-0.004618905643760416,14
2023-01-30,3264.TWO,0.003921388801955812,14
2023-01-30,3711.TW,0.0049383500874519495,14
2023-01-30,4062.T,0.026079841011798936,14
2023-01-30,600584.SS,0.028286169910309834,14
2023-01-30,6239.TW,-0.00124147114375385,14
2023-01-30,8046.TW,0.006417223407246951,14
2023-01-30,AMKR,-0.018540072956090666,14
2023-01-30,INTC,-0.0006645711203086546,14
2023-02-22,002156.SZ,-0.017337715512161112,2
2023-02-22,002185.SZ,-0.007272714074656255,2
2023-02-22,005930.KS,-0.009615332919160759,2
2023-02-22,2330.TW,-0.001936214261018726,2
2023-02-22,2449.TW,0.003687754691123626,2
2023-02-22,3037.TW,0.007299210552354801,2
2023-02-22,3189.TW,0.018182386726649673,2
2023-02-22,3264.TWO,-0.00732601008641832,2
2023-02-22,3711.TW,-0.004866256955470977,2
2023-02-22,4062.T,0.001113082889960041,2
2023-02-22,600584.SS,0.001047316641008181,2
2023-02-22,6239.TW,-0.00229085822909312,2
2023-02-22,8046.TW,0.012220073691155745,2
2023-02-24,002156.SZ,-0.003983157081837725,2
2023-02-24,002185.SZ,-0.012618515549791562,2
2023-02-24,005930.KS,0.014622428601443693,2
2023-02-24,2330.TW,0.021464262299121517,2
2023-02-24,2449.TW,0.02315768148215018,2
2023-02-24,3037.TW,0.003738337108841923,2
2023-02-24,3189.TW,0.018265415205677288,2
2023-02-24,3264.TWO,0.023445677327010528,2
2023-02-24,3711.TW,0.009708862268230027,2
2023-02-24,600584.SS,-0.009549266417550863,2
2023-02-24,6239.TW,0.0011422101816625603,2
2023-02-24,8046.TW,0.012422481678180712,2
2023-02-24,AMKR,0.024250525428282117,2
2023-02-24,INTC,-0.022900322716773384,2
2023-03-02,002156.SZ,-0.02566444573987657,6
2023-03-02,002185.SZ,0.029047602888714837,6
2023-03-02,005930.KS,-0.011485152287286556,6
2023-03-02,2330.TW,0.021297959308002344,6
2023-03-02,2449.TW,0.013056571955569984,6
2023-03-02,3037.TW,0.02697650407409374,6
2023-03-02,3189.TW,0.02727448078674019,6
2023-03-02,3264.TWO,-0.017986177340455583,6
2023-03-02,4062.T,0.04228970177566497,6
2023-03-02,600584.SS,0.03239009658457857,6
2023-03-02,6239.TW,0.0022675857090057906,6
2023-03-02,8046.TW,0.02313465927973289,6
2023-03-02,AMKR,0.011940996382337522,6
2023-03-02,INTC,-0.026911137810670945,6
2023-03-22,002156.SZ,-0.016061229102221804,2
2023-03-22,002185.SZ,0.00769228453417342,2
2023-03-22,005930.KS,0.0016598796616701956,2
2023-03-22,2330.TW,0.00971811077493431,2
2023-03-22,3037.TW,0.021898649235857767,2
2023-03-22,3189.TW,0.008583810693567008,2
2023-03-22,3264.TWO,0.006920488671289714,2
2023-03-22,3711.TW,-0.023095706834791258,2
2023-03-22,600584.SS,-0.016931295238224387,2
2023-03-22,8046.TW,0.02446033893019249,2
2023-03-22,AMKR,0.010854361611631976,2
2023-03-22,INTC,-0.022046156793535644,2
2023-04-06,002156.SZ,0.033225704777570406,6
2023-04-06,002185.SZ,0.038839896166283666,6
2023-04-06,005930.KS,-0.001563537238057227,6
2023-04-06,4062.T,-0.03285315376972654,6
2023-04-06,600584.SS,0.07393177125052564,6
2023-04-06,AMKR,-0.04666710709686482,6
2023-04-06,INTC,0.030988787631983747,6
2023-04-11,002156.SZ,-0.06361380030627942,4
2023-04-11,002185.SZ,-0.026218746568108436,4
2023-04-11,005930.KS,0.010711660455162704,4
2023-04-11,2330.TW,-0.0037735476202030126,4
2023-04-11,2449.TW,-0.004140709361974368,4
2023-04-11,3264.TWO,-0.010398738739660735,4
2023-04-11,3711.TW,-0.013667747500677164,4
2023-04-11,4062.T,0.003952685204929533,4
2023-04-11,600584.SS,-0.05651857909239174,4
2023-04-11,6239.TW,0.010857823003620183,4
2023-04-11,8046.TW,0.005459474432089527,4
2023-05-08,002156.SZ,0.014428671240039883,10
2023-05-08,002185.SZ,-0.015748367235757683,10
2023-05-08,005930.KS,-0.006125632367374643,10
2023-05-08,2330.TW,-0.003992041355407343,10
2023-05-08,2449.TW,-0.00533338368897698,10
2023-05-08,3037.TW,0.05043094136188375,10
2023-05-08,3189.TW,-0.009090967260289986,10
2023-05-08,3264.TWO,-0.001853561113912642,10
2023-05-08,3711.TW,0.019608568721388088,10
2023-05-08,4062.T,0.10855075587391882,10
2023-05-08,600584.SS,-0.03171359666229173,10
2023-05-08,6239.TW,0.026868921778983586,10
2023-05-08,8046.TW,0.010869760586611993,10
2023-05-08,AMKR,-0.07382924881975114,10
2023-05-08,INTC,0.04926617143440494,10
2023-05-31,002156.SZ,0.1373757103888515,5
2023-05-31,002185.SZ,0.032011048302333464,5
2023-05-31,005930.KS,0.02805262812365948,5
2023-05-31,2449.TW,0.05334603263497646,5
2023-05-31,3037.TW,-0.03009806181558331,5
2023-05-31,3264.TWO,0.015557800183259033,5
2023-05-31,3711.TW,0.009009114277891412,5
2023-05-31,4062.T,0.0373377193345348,5
2023-05-31,600584.SS,0.03174876799734628,5
2023-05-31,6239.TW,0.013178155854775886,5
2023-05-31,8046.TW,-0.030153001679783627,5
2023-05-31,AMKR,0.0482168510440614,5
2023-05-31,INTC,0.056752816592449545,5
2023-06-07,002156.SZ,-0.0225998646537366,2
2023-06-07,002185.SZ,-0.029821289638754855,2
2023-06-07,2330.TW,0.008968542084713661,2
2023-06-07,2449.TW,0.014925688149974614,2
2023-06-07,3037.TW,-0.022347387336015257,2
2023-06-07,3189.TW,-0.012685049558838533,2
2023-06-07,3264.TWO,-0.0017021210931592113,2
2023-06-07,3711.TW,0.042022975969911676,2
2023-06-07,4062.T,-0.007580480399624978,2
2023-06-07,600584.SS,-0.04854839520930661,2
2023-06-07,6239.TW,-0.004987474684755182,2
2023-06-07,8046.TW,-0.028264649345053044,2
2023-06-07,AMKR,-0.03192895669048597,2
2023-06-07,INTC,-0.047417761483872695,2
2023-06-21,002156.SZ,-0.01052214320846364,2
2023-06-21,002185.SZ,-0.014462971509848835,2
2023-06-21,005930.KS,0.0028049522872403577,2
2023-06-21,2449.TW,-0.0035776681921802873,2
2023-06-21,3037.TW,0.016043188586339987,2
2023-06-21,3189.TW,0.017316443194334147,2
2023-06-21,3264.TWO,-0.059766166078892,2
2023-06-21,4062.T,0.005415316942911389,2
2023-06-21,600584.SS,0.014516769711043962,2
2023-06-21,6239.TW,0.009756133197922887,2
2023-06-21,8046.TW,0.012511424868211858,2
2023-06-26,005930.KS,0.01548234227351303,5
2023-06-26,4062.T,-0.05390269239615486,5
2023-06-26,AMKR,-0.01769961318277208,5
2023-06-26,INTC,-0.06766720300728751,5
2023-07-06,002156.SZ,-0.013623629967532051,2
2023-07-06,002185.SZ,-0.006376140328825954,2
2023-07-06,005930.KS,-0.013793399147237706,2
2023-07-06,2330.TW,-0.005141664795533171,2
2023-07-06,2449.TW,-0.021435224178406417,2
2023-07-06,3037.TW,-0.011173160430012222,2
2023-07-06,3264.TWO,-0.007980924378906788,2
2023-07-06,3711.TW,0.004494427557905967,2
2023-07-06,4062.T,0.0028529831619808488,2
2023-07-06,600584.SS,-0.01124659218586849,2
2023-07-06,8046.TW,-0.0019101735160964202,2
2023-07-18,002156.SZ,-0.00712060921589161,4
2023-07-18,002185.SZ,0.0010220422228771724,4
2023-07-18,005930.KS,-0.0013632104947424763,4
2023-07-18,2449.TW,0.09061006494747006,4
2023-07-18,3037.TW,-0.0271019603114169,4
2023-07-18,3189.TW,0.017778207446058465,4
2023-07-18,3264.TWO,0.019449619041749907,4
2023-07-18,600584.SS,0.008036847250323824,4
2023-07-18,6239.TW,0.018100129955482668,4
2023-07-18,8046.TW,-0.013245203648425893,4
2023-07-18,AMKR,-0.012253430846564196,4
2023-07-18,INTC,-0.021486788369181282,4
2023-08-04,002156.SZ,-0.00810081386559614,2
2023-08-04,002185.SZ,-0.0062958522956870575,2
2023-08-04,005930.KS,-0.015861862730103288,2
2023-08-04,4062.T,0.026735786245084735,2
2023-08-04,600584.SS,-0.003302758730408275,2
2023-08-04,AMKR,-0.03153100820026737,2
2023-08-04,INTC,-0.040181897382003305,2
2023-08-14,002156.SZ,-0.034016911861148455,4
2023-08-14,002185.SZ,-0.02053021219447826,4
2023-08-14,005930.KS,-0.007380392564031891,4
2023-08-14,2330.TW,-0.009115795771491865,4
2023-08-14,2449.TW,0.016234125698201134,4
2023-08-14,3037.TW,-0.01422491752371198,4
2023-08-14,3189.TW,0.009523898160644563,4
2023-08-14,3264.TWO,-0.011834409462096903,4
2023-08-14,3711.TW,-0.004514644057349351,4
2023-08-14,600584.SS,-0.023932630436968874,4
2023-08-14,6239.TW,0.011560796403448608,4
2023-08-14,AMKR,-0.014121404358307159,4
2023-08-14,INTC,0.011601205384463223,4
2023-08-16,002156.SZ,-0.01735725585514398,2
2023-08-16,002185.SZ,-0.0077220419906472645,2
2023-08-16,2330.TW,0.0018467381708409242,2
2023-08-16,2449.TW,0.036716033994943546,2
2023-08-16,3037.TW,0.02890377985876945,2
2023-08-16,3189.TW,0.00493832887988402,2
2023-08-16,3264.TWO,0.019015262001026993,2
2023-08-16,3711.TW,0.004555855208695865,2
2023-08-16,4062.T,0.0484524856812614,2
2023-08-16,600584.SS,-0.02534182065384461,2
2023-08-16,6239.TW,-0.012578746094509248,2
2023-08-16,8046.TW,0.019210909835797305,2
2023-08-16,AMKR,0.0019014839403958157,2
2023-08-16,INTC,0.022389936707299118,2
2023-09-06,002156.SZ,0.0014551356632344983,2
2023-09-06,002185.SZ,0.0022002652139992175,2
2023-09-06,005930.KS,-0.007046992950380875,2
2023-09-06,2330.TW,-0.00901704006731894,2
2023-09-06,2449.TW,0.0038437063514308277,2
2023-09-06,3037.TW,0.008075474243583264,2
2023-09-06,3189.TW,0.0045976095199891515,2
2023-09-06,3264.TWO,0.017228301111827035,2
2023-09-06,3711.TW,0.004228372075663039,2
2023-09-06,4062.T,0.0068689942754437405,2
2023-09-06,600584.SS,-0.009263455672552151,2
2023-09-06,6239.TW,0.028700685965076432,2
2023-09-06,8046.TW,-0.008032103001498373,2
2023-09-19,002156.SZ,-0.02999193410165719,4
2023-09-19,002185.SZ,0.0022074444470632833,4
2023-09-19,005930.KS,-0.02531774031918208,4
2023-09-19,2330.TW,-0.03278962026638759,4
2023-09-19,2449.TW,-0.016199637255714997,4
2023-09-19,3037.TW,-0.03200280231458033,4
2023-09-19,3264.TWO,-0.016212584054108782,4
2023-09-19,3711.TW,-0.021787251488710482,4
2023-09-19,600584.SS,-0.017179212943651614,4
2023-09-19,6239.TW,-0.004750636367288269,4
2023-09-19,8046.TW,0.001836677956089017,4
2023-09-19,AMKR,-0.03184686641966608,4
2023-09-19,INTC,-0.020640828378359836,4
2023-10-11,002156.SZ,0.03088434081925114,14
2023-10-11,002185.SZ,0.02657963745021454,14
2023-10-11,005930.KS,-0.02967570011105865,14
2023-10-11,2330.TW,0.018975792950244055,14
2023-10-11,2449.TW,0.0012877973505835763,14
2023-10-11,3037.TW,-0.005780588081411366,14
2023-10-11,3189.TW,0.023530500870156987,14
2023-10-11,3264.TWO,0.004842535054271582,14
2023-10-11,3711.TW,0.009091048696940239,14
2023-10-11,4062.T,0.06777114397249118,14
2023-10-11,600584.SS,-0.0026230546263989202,14
2023-10-11,6239.TW,0.004914049523024237,14
2023-10-11,8046.TW,-0.05228691000921119,14
2023-10-11,AMKR,0.021841728008952083,14
2023-10-11,INTC,0.06383614230503092,14
2023-11-06,002156.SZ,0.041842981600312606,4
2023-11-06,002185.SZ,0.02460980662785807,4
2023-11-06,005930.KS,-0.0014358295383843749,4
2023-11-06,2330.TW,0.003649746034894984,4
2023-11-06,2449.TW,0.012468884746822215,4
2023-11-06,3037.TW,0.029365805284097185,4
2023-11-06,3189.TW,0.022541866091717475,4
2023-11-06,3264.TWO,0.013544234165753002,4
2023-11-06,3711.TW,0.012848181190106164,4
2023-11-06,600584.SS,0.023614379603276912,4
2023-11-06,8046.TW,-0.04417120734274316,4
2023-11-06,AMKR,0.026907559896366978,4
2023-11-06,INTC,0.010935001292731596,4
2023-11-27,002156.SZ,-0.005761145096669477,5
2023-11-27,002185.SZ,-0.016620841610898288,5
2023-11-27,005930.KS,-0.015225139267554984,5
2023-11-27,2330.TW,-0.003472215876246026,5
2023-11-27,2449.TW,-0.0012262104083468582,5
2023-11-27,3037.TW,-0.02366964208439149,5
2023-11-27,3189.TW,0.009254556837532932,5
2023-11-27,3264.TWO,-0.012903413587439629,5
2023-11-27,4062.T,0.002600491510255397,5
2023-11-27,600584.SS,-0.01931809145619231,5
2023-11-27,6239.TW,-0.004640412729476668,5
2023-11-27,8046.TW,0.004210496472539679,5
2023-11-27,AMKR,0.02298112849580935,5
2023-11-27,INTC,0.0006871723527691297,5
2023-12-27,002156.SZ,0.003210313112756373,5
2023-12-27,002185.SZ,-0.02460138979170897,5
2023-12-27,005930.KS,0.0091803595515581,5
2023-12-27,2330.TW,0.006849349683313903,5
2023-12-27,3037.TW,0.014184561493363137,5
2023-12-27,3189.TW,0.014028404351007048,5
2023-12-27,3264.TWO,-0.017438272375720203,5
2023-12-27,3711.TW,0.007575795464573512,5
2023-12-27,4062.T,-0.024343515638513773,5
2023-12-27,600584.SS,-0.022297803936603324,5
2023-12-27,6239.TW,0.027398935635738433,5
2023-12-27,8046.TW,0.02454109336182074,5
2023-12-27,AMKR,0.00866584974014216,5
2023-12-27,INTC,0.019352631761664477,5
2024-01-04,002156.SZ,-0.05731188696401682,7
2024-01-04,002185.SZ,-0.002392162999268997,7
2024-01-04,005930.KS,-0.019293075735310923,7
2024-01-04,2330.TW,-0.025620690943866074,7
2024-01-04,2449.TW,-0.01662734117274872,7
2024-01-04,3037.TW,-0.031840661532408485,7
2024-01-04,3189.TW,-0.01723302458224707,7
2024-01-04,3264.TWO,-0.020506618746390298,7
2024-01-04,3711.TW,-0.0687293516322093,7
2024-01-04,4062.T,-0.0023005422745720344,7
2024-01-04,600584.SS,-0.044047685023405746,7
2024-01-04,6239.TW,-0.04685544263578765,7
2024-01-04,8046.TW,-0.02036732233907706,7
2024-01-04,AMKR,-0.062094141691129735,7
2024-01-04,INTC,-0.06008297001764201,7
2024-01-09,002156.SZ,-0.03677238648095566,4
2024-01-09,002185.SZ,-0.044451920321018884,4
2024-01-09,005930.KS,-0.0013063414973077565,4
2024-01-09,2330.TW,0.01207945571914761,4
2024-01-09,2449.TW,-0.015805710093459324,4
2024-01-09,3037.TW,0.006230596203787537,4
2024-01-09,3189.TW,0.007183302089688485,4
2024-01-09,3264.TWO,-0.01256123500422873,4
2024-01-09,3711.TW,-0.003960369663642518,4
2024-01-09,600584.SS,-0.03115752501957633,4
2024-01-09,6239.TW,-0.018975841546396702,4
2024-01-09,8046.TW,-0.01107425057996918,4
2024-01-09,AMKR,0.0006606563148112421,4
2024-01-09,INTC,0.0004265724605171453,4
2024-01-17,002156.SZ,-0.019473392022050003,2
2024-01-17,002185.SZ,-0.00913235271196254,2
2024-01-17,005930.KS,-0.017747870754273722,2
2024-01-17,2330.TW,-0.010291533235394825,2
2024-01-17,2449.TW,0.01151647742459014,2
2024-01-17,3037.TW,0.015552528785298163,2
2024-01-17,3189.TW,0.008205140632894653,2
2024-01-17,3264.TWO,0.01514131572624994,2
2024-01-17,4062.T,-0.024953663864370132,2
2024-01-17,600584.SS,-0.00691238836707455,2
2024-01-17,6239.TW,0.02687294609665336,2
2024-01-17,8046.TW,-0.0022345830430613514,2
2024-02-19,002156.SZ,0.15198853580710278,14
2024-02-19,002185.SZ,0.2863992552930656,14
2024-02-19,005930.KS,-0.020395087250589986,14
2024-02-19,2330.TW,0.05569548171640784,14
2024-02-19,2449.TW,0.0906543446357035,14
2024-02-19,3037.TW,0.030685774922301907,14
2024-02-19,3189.TW,0.009852390458481838,14
2024-02-19,3264.TWO,0.028828467233407172,14
2024-02-19,3711.TW,0.05244648833413879,14
2024-02-19,4062.T,0.010956365910724072,14
2024-02-19,600584.SS,0.13460436923673766,14
2024-02-19,6239.TW,0.0201349369394197,14
2024-02-19,8046.TW,0.011025550378900274,14
2024-02-19,AMKR,-0.04544783557156955,14
2024-02-19,INTC,0.03639802423300554,14
2024-02-21,002156.SZ,-0.007373278057253827,2
2024-02-21,002185.SZ,-0.012918535207151916,2
2024-02-21,005930.KS,-0.006798040611211429,2
2024-02-21,2330.TW,0.013187086675445974,2
2024-02-21,2449.TW,-0.0022830477163416395,2
2024-02-21,3037.TW,-0.010443954652802182,2
2024-02-21,3189.TW,-0.019418043150633533,2
2024-02-21,3264.TWO,-0.010854879703929104,2
2024-02-21,3711.TW,0.00732598124071091,2
2024-02-21,4062.T,0.02660948086024895,2
2024-02-21,600584.SS,-0.014400575336159715,2
2024-02-21,6239.TW,-0.006872810560004865,2
2024-02-21,8046.TW,-0.004347865081371027,2
2024-02-26,002156.SZ,-0.006952410747937125,4
2024-02-26,002185.SZ,-0.0012217128825705269,4
2024-02-26,005930.KS,-0.0027398516054085676,4
2024-02-26,2330.TW,0.0071996221968451775,4
2024-02-26,2449.TW,0.013807892231868624,4
2024-02-26,3037.TW,-0.00530509166795725,4
2024-02-26,3189.TW,-0.017060159402743556,4
2024-02-26,3264.TWO,-0.00940248768302641,4
2024-02-26,3711.TW,0.02142945540018471,4
2024-02-26,600584.SS,0.005586497970946702,4
2024-02-26,6239.TW,0.020270994072419585,4
2024-02-26,8046.TW,-0.015677785295339742,4
2024-02-26,AMKR,0.02394728864204783,4
2024-02-26,INTC,-0.011336196821654097,4
2024-02-29,002156.SZ,-0.05094020682476814,2
2024-02-29,002185.SZ,-0.05851080580640666,2
2024-02-29,005930.KS,0.004107023364959789,2
2024-02-29,4062.T,-0.02609149358207909,2
2024-02-29,600584.SS,-0.038684320972043586,2
2024-02-29,AMKR,-0.006859430102419103,2
2024-02-29,INTC,-0.006066296925192886,2
2024-03-04,002156.SZ,0.03060779016393292,4
2024-03-04,002185.SZ,0.012150710537241665,4
2024-03-04,2330.TW,-0.0014504896352485128,4
2024-03-04,2449.TW,0.007851966763784482,4
2024-03-04,3037.TW,-0.008391632011103396,4
2024-03-04,3189.TW,0.002066249227276073,4
2024-03-04,3264.TWO,0.023661530909850216,4
2024-03-04,3711.TW,-0.00722013063698802,4
2024-03-04,4062.T,0.0076507394924303865,4
2024-03-04,600584.SS,0.020057426934138423,4
2024-03-04,8046.TW,-0.004739304848484834,4
2024-03-04,AMKR,0.02183557695647076,4
2024-03-04,INTC,0.024930732851253922,4
2024-03-21,002156.SZ,-0.014990486512743356,2
2024-03-21,002185.SZ,0.003620903874164683,2
2024-03-21,005930.KS,0.05479005455510211,2
2024-03-21,2330.TW,-0.005263386107523076,2
2024-03-21,2449.TW,-0.013856996994104621,2
2024-03-21,3037.TW,0.02056626884022883,2
2024-03-21,3189.TW,0.036583408548899694,2
2024-03-21,3711.TW,-0.02211773314715954,2
2024-03-21,6239.TW,-0.0025542543422978183,2
2024-03-21,8046.TW,0.004716949744047096,2
2024-03-21,AMKR,-0.00032212950121556297,2
2024-03-21,INTC,-0.015573795485810681,2
2024-04-02,002156.SZ,0.00885356350504897,4
2024-04-02,002185.SZ,0.007500005126259664,4
2024-04-02,005930.KS,-0.004866186759038188,4
2024-04-02,2330.TW,-0.007762036717306672,4
2024-04-02,2449.TW,-0.019231283476401725,4
2024-04-02,3037.TW,0.0025940544598775633,4
2024-04-02,3189.TW,0.027973932817182065,4
2024-04-02,3264.TWO,-0.013229190849596093,4
2024-04-02,3711.TW,-0.045610468541687016,4
2024-04-02,4062.T,-0.019181605301614117,4
2024-04-02,600584.SS,-0.00035540693527078004,4
2024-04-02,6239.TW,-0.040614746070192456,4
2024-04-02,8046.TW,0.041418826208159024,4
2024-04-08,005930.KS,0.004745061222396421,5
2024-04-08,4062.T,-0.00787156763001599,5
2024-04-08,AMKR,-0.00973099567758492,5
2024-04-08,INTC,-0.10071840468331372,5
2024-04-11,002156.SZ,-0.034925771042303294,2
2024-04-11,002185.SZ,-0.02590820458237132,2
2024-04-11,2330.TW,-0.004896016642006982,2
2024-04-11,2449.TW,-0.004705932032400434,2
2024-04-11,3037.TW,-0.01038961759225818,2
2024-04-11,3189.TW,-0.01295477688824149,2
2024-04-11,3264.TWO,-0.016220036523453198,2
2024-04-11,3711.TW,0.015898563394254144,2
2024-04-11,4062.T,-0.02703709464520029,2
2024-04-11,600584.SS,-0.04048806328947931,2
2024-04-11,6239.TW,-0.0026990300344595947,2
2024-04-11,8046.TW,-0.017094402840558104,2
2024-04-11,AMKR,0.07408503693186962,2
2024-04-11,INTC,0.00917315147617764,2
2024-04-30,002156.SZ,0.0047234196129176025,4
2024-04-30,002185.SZ,0.03495972499106661,4
2024-04-30,2330.TW,0.01648722696854677,4
2024-04-30,2449.TW,0.03498297843855635,4
2024-04-30,3037.TW,0.008185559501068444,4
2024-04-30,3189.TW,0.00923548285928455,4
2024-04-30,3264.TWO,-0.06945386475719222,4
2024-04-30,3711.TW,0.031090679167567612,4
2024-04-30,600584.SS,0.04010661623776263,4
2024-04-30,6239.TW,0.014347403587504855,4
2024-04-30,8046.TW,0.013210244827300866,4
2024-04-30,AMKR,0.017460549338518858,4
2024-04-30,INTC,-0.09650707732044113,4
2024-05-07,002156.SZ,0.007597349937977116,7
2024-05-07,002185.SZ,0.007299331567527727,7
2024-05-07,005930.KS,0.0012895425486508238,7
2024-05-07,2330.TW,-0.00507611997708581,7
2024-05-07,2449.TW,-0.09635472755516662,7
2024-05-07,3037.TW,0.0109290658304544,7
2024-05-07,3189.TW,-0.005260451284611729,7
2024-05-07,3264.TWO,-0.01789441678364816,7
2024-05-07,4062.T,-0.12238834747117852,7
2024-05-07,600584.SS,0.034703217008440264,7
2024-05-07,6239.TW,-0.034989038422476415,7
2024-05-07,8046.TW,-0.010752870789885585,7
2024-05-07,AMKR,0.027270172864285406,7
2024-05-07,INTC,-0.01477708866637377,7
2024-05-16,002156.SZ,0.06367790812762981,2
2024-05-16,002185.SZ,-0.001235414846663313,2
2024-05-16,2330.TW,0.01682721058134228,2
2024-05-16,2449.TW,-0.009423083267143334,2
2024-05-16,3037.TW,-0.0054644491013433015,2
2024-05-16,3189.TW,-0.0010444943766713156,2
2024-05-16,3264.TWO,0.006901369938290347,2
2024-05-16,3711.TW,0.013333533068096398,2
2024-05-16,4062.T,-0.008725284298912797,2
2024-05-16,600584.SS,0.0099692984402672,2
2024-05-16,6239.TW,0.00602415715464014,2
2024-05-16,8046.TW,0.005249311217775613,2
2024-05-16,AMKR,0.01848829014785597,2
2024-05-16,INTC,0.01754431785683535,2
2024-05-29,002156.SZ,0.02774797011332595,2
2024-05-29,002185.SZ,-0.006116291164829757,2
2024-05-29,005930.KS,0.005167966896468316,2
2024-05-29,2330.TW,-0.00461351526419386,2
2024-05-29,2449.TW,-0.009950361023395532,2
2024-05-29,3189.TW,0.01573182660110863,2
2024-05-29,3264.TWO,0.012253511164555718,2
2024-05-29,3711.TW,-0.009104794634567249,2
2024-05-29,4062.T,0.04002489011174792,2
2024-05-29,600584.SS,0.0007955186257008954,2
2024-05-29,8046.TW,0.06916979297816428,2
2024-06-07,002156.SZ,0.03803395352768822,2
2024-06-07,002185.SZ,-0.01590238237889486,2
2024-06-07,2330.TW,0.04577464693461935,2
2024-06-07,2449.TW,0.0022396812829586755,2
2024-06-07,3037.TW,0.010723959062407121,2
2024-06-07,3189.TW,-0.0075553728461373315,2
2024-06-07,3264.TWO,0.006644572338023701,2
2024-06-07,3711.TW,0.018927963280456324,2
2024-06-07,4062.T,-0.025573597901123943,2
2024-06-07,600584.SS,0.026465231436943022,2
2024-06-07,6239.TW,0.008119136223793587,2
2024-06-07,8046.TW,-0.007884378277010797,2
2024-06-07,AMKR,0.05096054333063651,2
2024-06-07,INTC,0.024668225358791693,2
2024-06-11,005930.KS,-0.020915782905062213,4
2024-06-11,4062.T,0.01324735289872198,4
2024-06-11,AMKR,-0.00030319077819458,4
2024-06-11,INTC,0.010464414249634141,4
2024-06-21,002156.SZ,-0.02824024389261359,2
2024-06-21,002185.SZ,-0.018812294503627286,2
2024-06-21,005930.KS,0.0049138117948829985,2
2024-06-21,2449.TW,0.027150916758142025,2
2024-06-21,3037.TW,0.007905155236338605,2
2024-06-21,3189.TW,0.02037604950620766,2
2024-06-21,3264.TWO,0.01713949612178547,2
2024-06-21,3711.TW,-0.005602211042542438,2
2024-06-21,4062.T,0.04432451376945003,2
2024-06-21,600584.SS,-0.021328104314579755,2
2024-06-21,6239.TW,-0.0050761894198803545,2
2024-06-21,8046.TW,0.005025093061504419,2
2024-07-08,002156.SZ,-0.03840391408409515,4
2024-07-08,002185.SZ,-0.007453346859390246,4
2024-07-08,005930.KS,0.02912279755058207,4
2024-07-08,2449.TW,0.012474282690340732,4
2024-07-08,3037.TW,-0.016667089663898325,4
2024-07-08,3189.TW,0.027339006945547435,4
2024-07-08,3264.TWO,-0.004344603473755995,4
2024-07-08,3711.TW,0.01494792772899094,4
2024-07-08,4062.T,-0.007905172959507226,4
2024-07-08,6239.TW,0.039118382597550606,4
2024-07-16,002156.SZ,0.004264457584759289,4
2024-07-16,002185.SZ,0.005750431495721589,4
2024-07-16,005930.KS,0.026886525166503635,4
2024-07-16,2449.TW,0.007812473827037793,4
2024-07-16,3037.TW,0.005249323471267643,4
2024-07-16,3189.TW,0.004175378149892222,4
2024-07-16,3264.TWO,0.008862703385118064,4
2024-07-16,3711.TW,0.011204591740429481,4
2024-07-16,600584.SS,0.034546757368870966,4
2024-07-16,6239.TW,0.03544682757164386,4
2024-07-16,8046.TW,-0.00796822817321758,4
2024-07-16,AMKR,0.00428255744288231,4
2024-07-16,INTC,0.02912402855286619,4
2024-07-26,002156.SZ,-0.03679715377423931,3
2024-07-26,002185.SZ,-0.03706352328678405,3
2024-07-26,005930.KS,-0.04261154111549328,3
2024-07-26,4062.T,-0.08222936437883363,3
2024-07-26,600584.SS,-0.04835976729557865,3
2024-07-26,AMKR,-0.05565986885012349,3
2024-07-26,INTC,-0.0513406255252111,3
2024-08-13,002156.SZ,-0.008262401469544736,4
2024-08-13,002185.SZ,-0.0138454056803341,4
2024-08-13,005930.KS,0.010652425416564274,4
2024-08-13,2330.TW,0.006403525156168475,4
2024-08-13,2449.TW,0.04311008575225603,4
2024-08-13,3037.TW,0.06538266262398709,4
2024-08-13,3189.TW,0.018868442326754158,4
2024-08-13,3264.TWO,0.020139986613736793,4
2024-08-13,3711.TW,0.020408803959642965,4
2024-08-13,600584.SS,0.0009719473636768568,4
2024-08-13,6239.TW,0.032203210144092026,4
2024-08-13,8046.TW,0.04152841213271123,4
2024-08-13,AMKR,0.04377916355851025,4
2024-08-13,INTC,-0.038810876365654584,4
2024-08-16,002156.SZ,0.004842598453096484,2
2024-08-16,002185.SZ,0.011370931061586839,2
2024-08-16,2330.TW,-0.005288148043255569,2
2024-08-16,2449.TW,-0.0041928462326083354,2
2024-08-16,3037.TW,-0.01579806959208307,2
2024-08-16,3189.TW,-0.028848201525351627,2
2024-08-16,3264.TWO,-0.006144424005898775,2
2024-08-16,3711.TW,-0.03257609716957495,2
2024-08-16,4062.T,-0.0041416453184006385,2
2024-08-16,600584.SS,-0.011999612410377596,2
2024-08-16,6239.TW,-0.010507923726149303,2
2024-08-16,8046.TW,-0.01697826502821149,2
2024-08-16,AMKR,-0.010314179344142436,2
2024-08-16,INTC,-0.02723611014273629,2
2024-09-04,002156.SZ,0.008390166338823632,2
2024-09-04,002185.SZ,0.008957119972878598,2
2024-09-04,005930.KS,-0.025869336547145363,2
2024-09-04,2330.TW,-0.008474498673588272,2
2024-09-04,2449.TW,-0.02510593868985452,2
2024-09-04,3037.TW,-0.03762205295643549,2
2024-09-04,3189.TW,-0.026550206356422718,2
2024-09-04,3264.TWO,-0.038466290176638225,2
2024-09-04,3711.TW,-0.0098523160908763,2
2024-09-04,4062.T,-0.026363945090485646,2
2024-09-04,600584.SS,-0.0006448301605505788,2
2024-09-04,8046.TW,-0.03119839013574356,2
2024-09-19,002156.SZ,0.003284078640229027,6
2024-09-19,002185.SZ,-0.0027322479649723435,6
2024-09-19,2330.TW,-0.0063560409506791815,6
2024-09-19,2449.TW,-0.044451795601696674,6
2024-09-19,3037.TW,-0.030983514699516445,6
2024-09-19,3189.TW,-0.046956987179930514,6
2024-09-19,3264.TWO,-0.04437873656886947,6
2024-09-19,3711.TW,0.03673190519520996,6
2024-09-19,4062.T,0.02575641054851513,6
2024-09-19,600584.SS,-0.04159908948524195,6
2024-09-19,6239.TW,-0.007194317187064508,6
2024-09-19,8046.TW,-0.007490663073490674,6
2024-09-19,AMKR,0.028757677610823502,6
2024-09-19,INTC,0.10344746653420919,6
2024-09-24,002156.SZ,-0.0016434398253029406,4
2024-09-24,002185.SZ,0.004051363399000883,4
2024-09-24,005930.KS,-0.006369559689287933,4
2024-09-24,2330.TW,0.004102626031716553,4
2024-09-24,2449.TW,-0.027651474529775014,4
2024-09-24,3037.TW,0.01686385922684405,4
2024-09-24,3264.TWO,0.001654229193240657,4
2024-09-24,3711.TW,0.016051775877607338,4
2024-09-24,600584.SS,-0.009668763477087311,4
2024-09-24,6239.TW,0.0072464506782141305,4
2024-09-24,8046.TW,0.021661470239874046,4
2024-09-24,AMKR,-0.022042121750963126,4
2024-09-24,INTC,0.03257620629311889,4
2024-10-08,005930.KS,-0.008163243491525165,8
2024-10-08,2330.TW,0.04893933262636314,8
2024-10-08,2449.TW,-0.008928712022276984,8
2024-10-08,3037.TW,-0.01751352893919867,8
2024-10-08,3189.TW,-0.00455582391748887,8
2024-10-08,3264.TWO,-0.008340381732686052,8
2024-10-08,3711.TW,0.026145262352650536,8
2024-10-08,4062.T,0.08176207882551066,8
2024-10-08,6239.TW,-0.014706232434458528,8
2024-10-08,8046.TW,-0.007042274592464606,8
2024-10-08,AMKR,-0.012705664278497099,8
2024-10-08,INTC,-0.05678943785389569,8
2024-10-11,002156.SZ,-0.0588886202953582,3
2024-10-11,002185.SZ,-0.026641916350917658,3
2024-10-11,005930.KS,-0.023491008309398,3
2024-10-11,2330.TW,0.009852245827032317,3
2024-10-11,2449.TW,0.09250294728904591,3
2024-10-11,3037.TW,0.039360996975674176,3
2024-10-11,3189.TW,0.0047058985709394815,3
2024-10-11,3264.TWO,-0.006872891895864821,3
2024-10-11,3711.TW,0.006514624729993313,3
2024-10-11,4062.T,0.014217100724889985,3
2024-10-11,600584.SS,-0.017915618389125483,3
2024-10-11,8046.TW,-0.011049880135671439,3
2024-10-11,AMKR,0.014194021328239246,3
2024-10-11,INTC,0.04712913881577252,3
2024-10-15,002156.SZ,-0.0031342001268346645,4
2024-10-15,002185.SZ,0.022941567988497374,4
2024-10-15,2449.TW,0.019724486359762462,4
2024-10-15,3037.TW,0.017575091655804866,4
2024-10-15,3189.TW,0.01411783189079387,4
2024-10-15,3711.TW,0.01916985281445173,4
2024-10-15,600584.SS,0.024058494006056474,4
2024-10-15,6239.TW,0.011173243324298822,4
2024-10-15,8046.TW,0.01476039793813487,4
2024-10-15,AMKR,0.02289930064949196,4
2024-10-15,INTC,0.014536389416957049,4
2024-11-01,002156.SZ,0.09545832618033878,2
2024-11-01,002185.SZ,0.06935710589261226,2
2024-11-01,005930.KS,0.0016906172475106094,2
2024-11-01,4062.T,-0.006019288962672967,2
2024-11-01,600584.SS,0.04247263053833809,2
2024-11-01,AMKR,-0.04570352236853563,2
2024-11-01,INTC,-0.026550249648586544,2
2024-11-05,002156.SZ,-0.034923132927272935,4
2024-11-05,002185.SZ,0.01923140338940666,4
2024-11-05,005930.KS,0.006837701197587778,4
2024-11-05,2330.TW,0.014528086713165645,4
2024-11-05,2449.TW,0.007812480058970353,4
2024-11-05,3037.TW,-0.015174751255870707,4
2024-11-05,3189.TW,-0.032944136880530286,4
2024-11-05,3264.TWO,-0.017889597606298303,4
2024-11-05,3711.TW,-0.009788026438874085,4
2024-11-05,600584.SS,0.006714942611701524,4
2024-11-05,6239.TW,-0.01593655325046798,4
2024-11-05,8046.TW,-0.05470107305404856,4
2024-11-05,AMKR,0.021380687608073094,4
2024-11-05,INTC,0.07516955499245545,4
2024-12-02,002156.SZ,0.01207664370618234,4
2024-12-02,002185.SZ,0.011894771837403714,4
2024-12-02,005930.KS,-0.02370210882312033,4
2024-12-02,2330.TW,-0.00899546669245304,4
2024-12-02,2449.TW,0.024001168949293838,4
2024-12-02,3037.TW,0.013513741073367311,4
2024-12-02,3189.TW,0.02139114177720513,4
2024-12-02,3264.TWO,-0.0018604309720057397,4
2024-12-02,3711.TW,0.03015299081321437,4
2024-12-02,4062.T,-0.01621652926367576,4
2024-12-02,600584.SS,0.015772856298228128,4
2024-12-02,6239.TW,0.008196814539656146,4
2024-12-02,8046.TW,-0.00428265698212214,4
2024-12-27,002156.SZ,0.03390153246035317,3
2024-12-27,002185.SZ,0.03972949604998445,3
2024-12-27,005930.KS,-0.014815009483992891,3
2024-12-27,2330.TW,0.004618819277622866,3
2024-12-27,2449.TW,0.013072054910867338,3
2024-12-27,3189.TW,0.01951277043390838,3
2024-12-27,3264.TWO,0.016172778092200135,3
2024-12-27,3711.TW,0.0030348774961527205,3
2024-12-27,4062.T,0.024214257594891438,3
2024-12-27,600584.SS,0.01743132655286054,3
2024-12-27,6239.TW,0.011928574491861504,3
2024-12-27,8046.TW,0.01242250571510399,3
2024-12-27,AMKR,0.0075842712164942185,3
2024-12-27,INTC,0.009852239974236086,3
2025-01-06,002156.SZ,-0.18999215116970258,7
2025-01-06,002185.SZ,-0.1575302850112992,7
2025-01-06,005930.KS,0.02230559650651189,7
2025-01-06,2330.TW,-0.013857117448478291,7
2025-01-06,2449.TW,0.03132245774208353,7
2025-01-06,3037.TW,0.054996655626298435,7
2025-01-06,3189.TW,0.009756115336787587,7
2025-01-06,3264.TWO,0.07218676646537661,7
2025-01-06,3711.TW,-0.015408591054008026,7
2025-01-06,600584.SS,-0.16703286280127966,7
2025-01-06,6239.TW,0.012631682128182962,7
2025-01-06,8046.TW,0.05170131409760008,7
2025-01-06,AMKR,-0.0019204752855493043,7
2025-01-06,INTC,-0.0039486688309214955,7
2025-01-14,002156.SZ,-0.012790305812508743,5
2025-01-14,002185.SZ,-0.008329520149959233,5
2025-01-14,005930.KS,-0.03630165622178219,5
2025-01-14,2330.TW,-0.022989351509520924,5
2025-01-14,2449.TW,-0.05641402442541374,5
2025-01-14,3037.TW,-0.038533589537139264,5
2025-01-14,3189.TW,-0.06551455839618506,5
2025-01-14,3264.TWO,0.09158942543705459,5
2025-01-14,3711.TW,-0.021309796657506062,5
2025-01-14,4062.T,-0.018044389526186908,5
2025-01-14,600584.SS,0.03159936804630506,5
2025-01-14,6239.TW,-0.03838418607869128,5
2025-01-14,8046.TW,-0.048009162879408276,5
2025-01-14,AMKR,-0.01705458557053125,5
2025-01-14,INTC,-0.03741146330690255,5
2025-01-22,002156.SZ,-0.002079725613969427,2
2025-01-22,002185.SZ,0.003505707654478037,2
2025-01-22,005930.KS,0.0018709694498078092,2
2025-01-22,3037.TW,-0.010695278493478419,2
2025-01-22,3189.TW,0.0010231620202951612,2
2025-01-22,3264.TWO,-0.004773189558491972,2
2025-01-22,4062.T,0.028662401298252947,2
2025-01-22,600584.SS,-0.007960487429177638,2
2025-02-05,002156.SZ,-0.019941310231297412,14
2025-02-05,002185.SZ,-0.014984865174096517,14
2025-02-05,005930.KS,-0.02990885588755965,14
2025-02-05,2330.TW,-0.03587831334672556,14
2025-02-05,2449.TW,-0.14581540430235804,14
2025-02-05,3037.TW,-0.13455967997321044,14
2025-02-05,3189.TW,-0.045889268587322174,14
2025-02-05,3264.TWO,-0.01314846670832865,14
2025-02-05,3711.TW,-0.11672422701755376,14
2025-02-05,4062.T,-0.1151127959668104,14
2025-02-05,600584.SS,-0.049733851233659004,14
2025-02-05,6239.TW,-0.05715838500866725,14
2025-02-05,8046.TW,-0.048974007224122026,14
2025-02-05,AMKR,-0.10819214645820013,14
2025-02-05,INTC,-0.1162913331152037,14
2025-02-12,002156.SZ,-0.023506729642356824,2
2025-02-12,002185.SZ,-0.019734722092239265,2
2025-02-12,005930.KS,0.0017969326211328544,2
2025-02-12,2330.TW,0.004514895678742661,2
2025-02-12,2449.TW,0.0046404216644496225,2
2025-02-12,3037.TW,0.008064510510544007,2
2025-02-12,3189.TW,-0.01261845216153518,2
2025-02-12,3264.TWO,-0.015464149317904203,2
2025-02-12,3711.TW,0.005987990275701942,2
2025-02-12,600584.SS,-0.02264795738733167,2
2025-02-12,6239.TW,0.008583723168632092,2
2025-02-12,8046.TW,-0.025879473291074033,2
2025-02-12,AMKR,0.0012322431420053043,2
2025-02-12,INTC,0.03447730531216424,2
2025-02-19,002156.SZ,-0.035207902577375355,2
2025-02-19,002185.SZ,-0.038737148710142014,2
2025-02-19,005930.KS,0.015943536196625637,2
2025-02-19,2330.TW,0.013730047559579076,2
2025-02-19,2449.TW,0.008733686343131545,2
2025-02-19,3037.TW,0.023716502432779438,2
2025-02-19,3189.TW,0.03440140692182407,2
2025-02-19,3264.TWO,0.024628561170874204,2
2025-02-19,3711.TW,0.005602207401275719,2
2025-02-19,4062.T,-0.0049274876588309684,2
2025-02-19,600584.SS,-0.035426307495120754,2
2025-02-19,6239.TW,-0.003913921909929903,2
2025-02-19,8046.TW,0.05148189449366908,2
2025-02-25,002156.SZ,0.02368121243223601,4
2025-02-25,002185.SZ,0.0033955962024056667,4
2025-02-25,005930.KS,-0.015584827168928077,4
2025-02-25,2330.TW,-0.018433773464444272,4
2025-02-25,2449.TW,-0.013072054910867277,4
2025-02-25,3037.TW,-0.007633578404747249,4
2025-02-25,3189.TW,-0.028437908919093244,4
2025-02-25,3711.TW,-0.02801297452720612,4
2025-02-25,600584.SS,0.004172445611431475,4
2025-02-25,6239.TW,-0.011342280351189896,4
2025-02-25,8046.TW,-0.031636993819976686,4
2025-02-25,AMKR,-0.034036508629949905,4
2025-02-25,INTC,-0.04788981343703554,4
2025-03-04,002156.SZ,-0.06633954255310592,5
2025-03-04,002185.SZ,-0.04714086450753424,5
2025-03-04,005930.KS,-0.032493890098979086,5
2025-03-04,2330.TW,-0.01941810119640116,5
2025-03-04,2449.TW,-0.04762800348423106,5
2025-03-04,3037.TW,-0.03448609782919293,5
2025-03-04,3189.TW,-0.03526819654365955,5
2025-03-04,3264.TWO,0.02059093547857124,5
2025-03-04,3711.TW,-0.03269236563810274,5
2025-03-04,4062.T,0.08206651889565494,5
2025-03-04,600584.SS,-0.04793375723804451,5
2025-03-04,6239.TW,-0.023716533785493325,5
2025-03-04,8046.TW,-0.045120382929351575,5
2025-03-04,AMKR,-0.048112796327032185,5
2025-03-04,INTC,0.008888908664000363,5
2025-03-21,002156.SZ,-0.009922177570989094,2
2025-03-21,002185.SZ,-0.0009046351955213014,2
2025-03-21,005930.KS,0.028645661164717194,2
2025-03-21,2330.TW,0.03407653975008455,2
2025-03-21,2449.TW,0.026079747258331017,2
2025-03-21,3037.TW,0.04673747988067369,2
2025-03-21,3189.TW,0.021819146719576882,2
2025-03-21,3264.TWO,0.028907638228830385,2
2025-03-21,3711.TW,0.02808302569170916,2
2025-03-21,600584.SS,-0.004313784986320637,2
2025-03-21,6239.TW,0.06405201870076806,2
2025-03-21,8046.TW,0.023077921264601287,2
2025-03-21,AMKR,0.0010225099529637596,2
2025-03-21,INTC,-0.07197346777444125,2
2025-04-07,002156.SZ,-0.012729404311363601,5
2025-04-07,002185.SZ,-0.014265631129777523,5
2025-04-07,005930.KS,-0.04700610824541431,5
2025-04-07,4062.T,-0.11559243962175716,5
2025-04-07,600584.SS,-0.024713902251718822,5
2025-04-07,AMKR,-0.13329476813269817,5
2025-04-07,INTC,0.017086794845388012,5
2025-04-22,002156.SZ,0.011374825631144185,4
2025-04-22,002185.SZ,0.01823757748818418,4
2025-04-22,005930.KS,0.0018066424890538502,4
2025-04-22,2330.TW,-0.01780465008649718,4
2025-04-22,2449.TW,-0.029413785785034903,4
2025-04-22,3037.TW,-0.04808617190152841,4
2025-04-22,3189.TW,-0.03818371225594875,4
2025-04-22,3264.TWO,-0.04158286454967031,4
2025-04-22,3711.TW,-0.0038834665270347894,4
2025-04-22,4062.T,-0.026828071750986615,4
2025-04-22,600584.SS,0.01061434764990523,4
2025-04-22,6239.TW,-0.004535106975965636,4
2025-04-22,8046.TW,-0.045826976680717696,4
2025-04-30,002156.SZ,0.00870953646562924,2
2025-04-30,2330.TW,0.0055586197386596195,2
2025-04-30,2449.TW,-0.004555800925384462,2
2025-04-30,3037.TW,0.007318352046775103,2
2025-04-30,3264.TWO,0.02969178950819276,2
2025-04-30,3711.TW,0.010889421695913105,2
2025-04-30,600584.SS,0.009126902046264512,2
2025-04-30,8046.TW,0.034242983517337316,2
2025-04-30,AMKR,-0.003996637989425882,2
2025-04-30,INTC,0.02268346754307872,2
2025-05-07,002156.SZ,0.022386111448223354,7
2025-05-07,002185.SZ,0.03704133945335979,7
2025-05-07,005930.KS,-0.021858858781192838,7
2025-05-07,2330.TW,0.013129159897772172,7
2025-05-07,2449.TW,0.004597789184693783,7
2025-05-07,3037.TW,-0.017186188718307085,7
2025-05-07,3189.TW,-0.00667115010293236,7
2025-05-07,3264.TWO,0.018642439642403353,7
2025-05-07,3711.TW,0.00735302830387632,7
2025-05-07,4062.T,0.03309997990793959,7
2025-05-07,600584.SS,0.026274378932085816,7
2025-05-07,6239.TW,-0.004618972422576199,7
2025-05-07,8046.TW,0.005047960400971215,7
2025-05-07,AMKR,0.0431224750508086,7
2025-05-07,INTC,-0.003447415075059343,7
2025-05-28,002156.SZ,-0.015158119879212726,2
2025-05-28,002185.SZ,-0.01695911396467052,2
2025-05-28,005930.KS,-0.014733103151054402,2
2025-05-28,2330.TW,-0.011334548370800532,2
2025-05-28,2449.TW,-0.005233009237641509,2
2025-05-28,3037.TW,0.06062461306185066,2
2025-05-28,3189.TW,-0.001205622175464903,2
2025-05-28,3264.TWO,-0.021220995935957155,2
2025-05-28,3711.TW,-0.01751354249585751,2
2025-05-28,4062.T,0.032682017976048375,2
2025-05-28,600584.SS,-0.013509462326137268,2
2025-05-28,6239.TW,-0.017021646623994753,2
2025-05-28,8046.TW,0.09138778962213431,2
2025-06-04,002156.SZ,-0.027561648621775944,6
2025-06-04,002185.SZ,-0.028362643516838086,6
2025-06-04,005930.KS,0.012400572395352954,6
2025-06-04,2330.TW,-0.01773648000498741,6
2025-06-04,2449.TW,-0.01349261198657203,6
2025-06-04,3037.TW,-0.03846634095361358,6
2025-06-04,3189.TW,-0.05148654211646747,6
2025-06-04,3264.TWO,-0.013192772894422316,6
2025-06-04,3711.TW,-0.03315233352209144,6
2025-06-04,4062.T,-0.01013691146349665,6
2025-06-04,600584.SS,-0.020396156257403035,6
2025-06-04,6239.TW,-0.008583723168631973,6
2025-06-04,8046.TW,-0.06187533338618901,6
2025-06-04,AMKR,-0.020224771124204302,6
2025-06-04,INTC,-0.03141624902768217,6
2025-06-09,002156.SZ,-0.004180585558288894,4
2025-06-09,002185.SZ,0.0011191213373365227,4
2025-06-09,2330.TW,-0.003010556090647082,4
2025-06-09,2449.TW,-0.003025731627451282,4
2025-06-09,3264.TWO,-0.0026280733386727807,4
2025-06-09,3711.TW,-0.003590751777964142,4
2025-06-09,4062.T,0.00809716161996411,4
2025-06-09,600584.SS,-0.00242568390624373,4
2025-06-09,6239.TW,0.04082203001979974,4
2025-06-09,8046.TW,0.009389729469126851,4
2025-06-09,AMKR,-0.008303135534120197,4
2025-06-09,INTC,-0.012922656490056172,4
2025-06-23,002156.SZ,-0.008862623929666344,4
2025-06-23,002185.SZ,-0.010221538552484796,4
2025-06-23,005930.KS,0.00505478546171716,4
2025-06-23,2330.TW,0.019139129734644995,4
2025-06-23,2449.TW,-0.004987586829053048,4
2025-06-23,3037.TW,-0.004987510708843457,4
2025-06-23,3189.TW,-0.018040206417282965,4
2025-06-23,3264.TWO,-0.020861183404907425,4
2025-06-23,3711.TW,-0.01032713498571963,4
2025-06-23,4062.T,-0.03301605516682438,4
2025-06-23,600584.SS,-0.009152621045572708,4
2025-06-23,6239.TW,0.003838798520034376,4
2025-06-23,8046.TW,-0.014184691895855908,4
2025-07-08,002156.SZ,-0.006798665115304699,4
2025-07-08,002185.SZ,-0.00506839453813231,4
2025-07-08,005930.KS,-0.02560142213886116,4
2025-07-08,2330.TW,-0.004618880744613858,4
2025-07-08,2449.TW,0.009302399170730904,4
2025-07-08,3037.TW,-0.02575247157925754,4
2025-07-08,3189.TW,-0.012550009616103046,4
2025-07-08,3264.TWO,-0.010269769346078067,4
2025-07-08,3711.TW,-0.020619370129869145,4
2025-07-08,4062.T,0.0020429254225312124,4
2025-07-08,600584.SS,-0.008461869548306111,4
2025-07-08,6239.TW,-0.011215074483813306,4
2025-07-08,8046.TW,-0.007968139067552862,4
2025-07-22,002156.SZ,-0.004633116706721351,4
2025-07-22,005930.KS,0.010378321894424242,4
2025-07-22,2330.TW,-0.0043382325404886755,4
2025-07-22,2449.TW,0.044650280792914054,4
2025-07-22,3037.TW,0.0037523453128325834,4
2025-07-22,3189.TW,0.034066554563606216,4
2025-07-22,3711.TW,-0.009788045378144792,4
2025-07-22,600584.SS,0.004117732448746728,4
2025-07-22,6239.TW,0.0036036283545531154,4
2025-07-22,8046.TW,-0.01769955474441209,4
2025-07-22,AMKR,-0.006025457823588612,4
2025-07-22,INTC,0.013072131543450756,4
2025-08-04,002156.SZ,-0.035840989780536764,4
2025-08-04,002185.SZ,-0.011038794626221577,4
2025-08-04,005930.KS,-0.03564168344667824,4
2025-08-04,4062.T,-0.027304441955863054,4
2025-08-04,600584.SS,-0.015227995818830322,4
2025-08-04,AMKR,-0.05937236064447687,4
2025-08-04,INTC,-0.026907498954083547,4
2025-08-12,002156.SZ,0.0239643332600767,4
2025-08-12,002185.SZ,0.007960292279212114,4
2025-08-12,005930.KS,-0.011204720670500035,4
2025-08-12,2330.TW,0.004246336515352466,4
2025-08-12,2449.TW,0.047540871625732874,4
2025-08-12,3037.TW,0.03936102649694344,4
2025-08-12,3189.TW,0.0291282729230237,4
2025-08-12,3264.TWO,-0.0027396753222794054,4
2025-08-12,3711.TW,0.013333447372971954,4
2025-08-12,600584.SS,0.0049013195144324995,4
2025-08-12,6239.TW,-0.00823052706777166,4
2025-08-12,8046.TW,0.07156133662331313,4
2025-08-12,AMKR,0.011304369251876056,4
2025-08-12,INTC,0.00906352124146581,4
2025-08-18,002156.SZ,0.0038454620278115803,4
2025-08-18,002185.SZ,0.021527248727711203,4
2025-08-18,2330.TW,0.004246336515352466,4
2025-08-18,2449.TW,-0.0071944158962308855,4
2025-08-18,3037.TW,-0.01828202235090341,4
2025-08-18,3189.TW,-0.009756174945364626,4
2025-08-18,3264.TWO,-0.002732296157479684,4
2025-08-18,4062.T,0.035459535132510725,4
2025-08-18,600584.SS,0.016306168288250395,4
2025-08-18,6239.TW,-0.012220057893924182,4
2025-08-18,8046.TW,-0.008810618603576459,4
2025-08-18,AMKR,-0.01778533027498022,4
2025-08-18,INTC,0.07121068894095911,4
2025-09-03,002156.SZ,-0.021443897645832398,2
2025-09-03,002185.SZ,-0.055281720539033886,2
2025-09-03,005930.KS,0.021946697766894764,2
2025-09-03,2330.TW,-0.004301127800518221,2
2025-09-03,2449.TW,-0.0418741098545526,2
2025-09-03,3037.TW,-0.02636695914862526,2
2025-09-03,3189.TW,-0.014320053774748558,2
2025-09-03,3264.TWO,-0.006872907956699554,2
2025-09-03,3711.TW,0.00638985656839818,2
2025-09-03,4062.T,-0.0009990678440202957,2
2025-09-03,600584.SS,-0.053149628033224455,2
2025-09-03,6239.TW,0.00419285993310488,2
2025-09-03,8046.TW,-0.020101178934926654,2
2025-09-16,002156.SZ,-0.004844144099206771,4
2025-09-16,002185.SZ,-0.010772080977207998,4
2025-09-16,005930.KS,0.014483466092865459,4
2025-09-16,2330.TW,-0.003976191137850867,4
2025-09-16,2449.TW,0.0030074343620495134,4
2025-09-16,3037.TW,-0.01745242945919699,4
2025-09-16,3189.TW,-0.028848154337658333,4
2025-09-16,3264.TWO,0.011778656874761328,4
2025-09-16,3711.TW,-0.0029984841675788805,4
2025-09-16,600584.SS,-0.0015852645734066514,4
2025-09-16,6239.TW,0.06145272406460431,4
2025-09-16,8046.TW,-0.02754997312411353,4
2025-09-16,AMKR,0.0031471530165862512,4
2025-09-16,INTC,-0.021771271931654523,4
2025-09-22,002156.SZ,-0.01329107799573587,4
2025-09-22,002185.SZ,-0.0017762531742002811,4
2025-09-22,2330.TW,-0.01568658362491908,4
2025-09-22,2449.TW,0.01186971122597813,4
2025-09-22,3037.TW,0.05884042941960205,4
2025-09-22,3189.TW,-0.0045558165358607836,4
2025-09-22,3264.TWO,0.0023556685693137958,4
2025-09-22,4062.T,0.07090016954440645,4
2025-09-22,600584.SS,-0.01027490328244327,4
2025-09-22,6239.TW,0.006666662313856514,4
2025-09-22,8046.TW,0.09531017980432478,4
2025-09-22,AMKR,0.09113506002824515,4
2025-09-22,INTC,0.20515133776929853,4
2025-09-24,002156.SZ,-0.019350721457426834,2
2025-09-24,002185.SZ,-0.008802888322682688,2
2025-09-24,005930.KS,0.014269030088378563,2
2025-09-24,2330.TW,0.034159196878674504,2
2025-09-24,2449.TW,-0.023669728879872766,2
2025-09-24,3037.TW,0.0031496052626284795,2
2025-09-24,3189.TW,-0.017778246021283875,2
2025-09-24,3264.TWO,0.007941031845850172,2
2025-09-24,3711.TW,0.011527521796404275,2
2025-09-24,600584.SS,-0.011666297340712638,2
2025-09-24,6239.TW,-0.003316738248087082,2
2025-09-24,8046.TW,-0.004255341767812303,2
2025-09-24,AMKR,0.04219160995715176,2
2025-09-24,INTC,-0.02811291389222734,2
2025-09-30,002156.SZ,0.012386593526231102,4
2025-09-30,005930.KS,0.015198080917572498,4
2025-09-30,4062.T,0.016993931468996464,4
2025-09-30,600584.SS,-0.010703180874887641,4
2025-09-30,AMKR,-0.004468086085889077,4
2025-09-30,INTC,0.04346628339215232,4
2025-10-14,002156.SZ,0.15638871030560125,14
2025-10-14,005930.KS,0.10619450987364928,14
2025-10-14,2330.TW,0.08092647325670416,14
2025-10-14,2449.TW,0.03593193769517305,14
2025-10-14,3037.TW,0.013114926298130325,14
2025-10-14,3189.TW,0.21661063027258676,14
2025-10-14,3264.TWO,-0.07573823546319355,14
2025-10-14,3711.TW,0.05342510643084994,14
2025-10-14,4062.T,0.10212727165717993,14
2025-10-14,600584.SS,-0.010946487067658842,14
2025-10-14,6239.TW,0.05009393455772632,14
2025-10-14,8046.TW,0.16858455467026348,14
2025-10-14,AMKR,-0.009158198081825969,14
2025-10-14,INTC,0.05336479711158394,14
2025-10-27,002156.SZ,0.05320541487182941,4
2025-10-27,002185.SZ,0.01350232048184994,4
2025-10-27,005930.KS,0.0235545494085699,4
2025-10-27,4062.T,0.08381603596679722,4
2025-10-27,600584.SS,0.027731335582482697,4
2025-10-27,AMKR,0.03857044269239393,4
2025-10-27,INTC,0.033034482541998506,4
2025-11-04,002156.SZ,-0.016866969832944726,4
2025-11-04,002185.SZ,0.015631669165460348,4
2025-11-04,005930.KS,0.03293988494933288,4
2025-11-04,2330.TW,0.0066445787250331905,4
2025-11-04,2449.TW,0.03174865894108994,4
2025-11-04,3037.TW,0.08777559437938098,4
2025-11-04,3189.TW,0.018149318505677407,4
2025-11-04,3264.TWO,0.0771590813705755,4
2025-11-04,3711.TW,-0.006079070355479707,4
2025-11-04,600584.SS,-0.014345236002010243,4
2025-11-04,8046.TW,-0.019114336553658302,4
2025-11-04,AMKR,0.011215059412344242,4
2025-11-04,INTC,-0.004242006753085359,4
2025-11-25,002156.SZ,0.0017006993678581675,4
2025-11-25,002185.SZ,0.012166749883872202,4
2025-11-25,005930.KS,0.01984394998611945,4
2025-11-25,2330.TW,-0.007246537319498328,4
2025-11-25,2449.TW,-0.004901987218080488,4
2025-11-25,3037.TW,0.024692677852712966,4
2025-11-25,3189.TW,0.022989518224698566,4
2025-11-25,3264.TWO,0.0023175439008836125,4
2025-11-25,3711.TW,0.007151429682965664,4
2025-11-25,600584.SS,0.005722542553825569,4
2025-11-25,6239.TW,0.003305876553087257,4
2025-11-25,8046.TW,-0.012072627292423636,4
2025-11-25,AMKR,0.05978641084590763,4
2025-11-25,INTC,0.02583822782707801,4
2025-12-01,002156.SZ,0.006852180975593106,4
2025-12-01,002185.SZ,0.003673034781334905,4
2025-12-01,005930.KS,-0.029413890884714383,4
2025-12-01,2330.TW,0.003478197103191683,4
2025-12-01,2449.TW,0.031044583086512527,4
2025-12-01,3037.TW,-0.0026773744825842882,4
2025-12-01,3189.TW,0.01058210933053691,4
2025-12-01,3264.TWO,-0.004371507830568042,4
2025-12-01,3711.TW,-0.004347872669039316,4
2025-12-01,4062.T,0.036866563220480666,4
2025-12-01,600584.SS,0.004465526693440899,4
2025-12-01,6239.TW,0.009600031665685828,4
2025-12-01,8046.TW,0.007648250131321756,4
2025-12-29,002156.SZ,-0.005847933075227589,5
2025-12-29,002185.SZ,-0.002701483356404029,5
2025-12-29,005930.KS,0.051743232335908704,5
2025-12-29,2330.TW,0.009983445893632944,5
2025-12-29,2449.TW,0.018100030117480723,5
2025-12-29,3037.TW,0.016000322333159133,5
2025-12-29,3189.TW,0.060624621816434854,5
2025-12-29,3264.TWO,0.09129867906567464,5
2025-12-29,3711.TW,0.025264538109266273,5
2025-12-29,4062.T,-0.002263277677680851,5
2025-12-29,600584.SS,-0.008658039483451025,5
2025-12-29,6239.TW,0.06187540939320891,5
2025-12-29,8046.TW,0.030898465299769154,5
2025-12-29,AMKR,-0.0024504891681015406,5
2025-12-29,INTC,-0.005240630697937922,5
2026-01-05,002156.SZ,-0.015528691565156134,6
2026-01-05,002185.SZ,-0.007266113739100896,6
2026-01-05,005930.KS,0.069270835994178,6
2026-01-05,2330.TW,0.04187410723222829,6
2026-01-05,2449.TW,0.0940026914672706,6
2026-01-05,3037.TW,-0.0022804999950856997,6
2026-01-05,3189.TW,0.05264373348542198,6
2026-01-05,3264.TWO,0.10843947043320702,6
2026-01-05,3711.TW,0.03550670931006748,6
2026-01-05,600584.SS,-0.008662727040411121,6
2026-01-05,6239.TW,0.04742874614201151,6
2026-01-05,8046.TW,-0.014659908438913535,6
2026-01-05,AMKR,-0.015332733208538882,6
2026-01-05,INTC,0.005979936689998022,6
2026-01-13,002156.SZ,0.010227112750916291,4
2026-01-13,002185.SZ,0.036062659943075615,4
2026-01-13,005930.KS,-0.0014398298119238304,4
2026-01-13,2330.TW,0.005934785403688286,4
2026-01-13,2449.TW,0.02436867330215552,4
2026-01-13,3037.TW,0.07679675615159402,4
2026-01-13,3189.TW,0.0715612814734094,4
2026-01-13,3264.TWO,0.04688359872866276,4
2026-01-13,3711.TW,0.0396448069423907,4
2026-01-13,600584.SS,0.058937592810445,4
2026-01-13,6239.TW,0.09531020809394496,4
2026-01-13,8046.TW,0.05658077779720636,4
2026-01-13,AMKR,0.02497956295433708,4
2026-01-13,INTC,0.1025591911998957,4
2026-01-21,002156.SZ,0.05687017350944715,2
2026-01-21,002185.SZ,0.014849825644727893,2
2026-01-21,005930.KS,-0.027845544165581878,2
2026-01-21,2330.TW,0.00848675481377108,2
2026-01-21,2449.TW,0.010989041297789635,2
2026-01-21,3037.TW,0.02298949051699635,2
2026-01-21,3189.TW,-0.02392449685219919,2
2026-01-21,3264.TWO,0.06575140778042562,2
2026-01-21,3711.TW,-0.010084159430859146,2
2026-01-21,4062.T,0.012815008812008151,2
2026-01-21,600584.SS,0.01342578157909572,2
2026-01-21,6239.TW,-0.04280802697287787,2
2026-01-21,8046.TW,0.07129635945133315,2
2026-02-24,002156.SZ,0.007241122694305983,14
2026-02-24,002185.SZ,0.03546469948301479,14
2026-02-24,005930.KS,0.1519079782392711,14
2026-02-24,2330.TW,0.010582132775835335,14
2026-02-24,2449.TW,0.046896227911108465,14
2026-02-24,3037.TW,0.08757198473356606,14
2026-02-24,3189.TW,0.14138997923704386,14
2026-02-24,3264.TWO,-0.0712275047189628,14
2026-02-24,3711.TW,0.01443026328992135,14
2026-02-24,4062.T,0.14537991114440502,14
2026-02-24,600584.SS,-0.002381787361463392,14
2026-02-24,6239.TW,0.03681393875480529,14
2026-02-24,8046.TW,0.1108399819121593,14
2026-02-24,AMKR,-0.09124384634120784,14
2026-02-24,INTC,-0.13012502761503347,14
2026-03-03,002156.SZ,-0.026559702527739197,5
2026-03-03,002185.SZ,-0.027490837168400374,5
2026-03-03,005930.KS,-0.006904503224519312,5
2026-03-03,2330.TW,-0.01007561229225895,5
2026-03-03,2449.TW,-0.034217873574349446,5
2026-03-03,3037.TW,-0.0010389281230601538,5
2026-03-03,3189.TW,-0.03231298899054363,5
2026-03-03,3264.TWO,-0.04879011476597997,5
2026-03-03,3711.TW,-0.044862367162036475,5
2026-03-03,4062.T,0.007392776375344787,5
2026-03-03,600584.SS,-0.04084764281482796,5
2026-03-03,6239.TW,-0.01957013218779921,5
2026-03-03,8046.TW,-0.02554887604822982,5
2026-03-03,AMKR,-0.06320453188133067,5
2026-03-03,INTC,-0.027464163947207958,5
2026-03-23,002156.SZ,-0.03566665689109737,4
2026-03-23,002185.SZ,-0.04069892098059544,4
2026-03-23,005930.KS,-0.005501374202827744,4
2026-03-23,2330.TW,-0.005420118317264411,4
2026-03-23,2449.TW,-0.02564241342791379,4
2026-03-23,3037.TW,-0.04758606630437415,4
2026-03-23,3189.TW,-0.009168368086879528,4
2026-03-23,3264.TWO,-0.01307203503000786,4
2026-03-23,3711.TW,-0.008683068394209126,4
2026-03-23,600584.SS,-0.050114867349835474,4
2026-03-23,6239.TW,-0.01965664259208686,4
2026-03-23,8046.TW,-0.03630165368065677,4
2026-03-23,AMKR,0.02652793818742393,4
2026-03-23,INTC,0.025217903329930094,4
2026-04-07,002156.SZ,-0.008621852920133495,5
2026-04-07,002185.SZ,-0.016587026804119047,5
2026-04-07,005930.KS,0.0791800029804593,5
2026-04-07,4062.T,0.09548555173941914,5
2026-04-07,600584.SS,-0.0049497781974433865,5
2026-04-07,AMKR,0.004506817192069779,5
2026-04-07,INTC,0.047768501864337336,5
2026-04-30,002156.SZ,-0.015037852031057921,2
2026-04-30,002185.SZ,0.00944151569506381,2
2026-04-30,005930.KS,0.017857618647094932,2
2026-04-30,2330.TW,-0.015927535848099736,2
2026-04-30,3037.TW,-0.027028715040068735,2
2026-04-30,3264.TWO,0.005025157226812193,2
2026-04-30,3711.TW,-0.014227855823129743,2
2026-04-30,600584.SS,-0.016544070931876317,2
2026-04-30,6239.TW,-0.06621796993249753,2
2026-04-30,8046.TW,-0.01731644972488547,2
2026-04-30,AMKR,-0.05798334445063759,2
2026-04-30,INTC,-0.0055454243452233015,2
2026-05-07,002156.SZ,0.09536285620737564,7
2026-05-07,002185.SZ,0.03816401850739466,7
2026-05-07,005930.KS,0.1875986082942859,7
2026-05-07,2330.TW,0.05246347421835701,7
2026-05-07,2449.TW,0.08245553180689552,7
2026-05-07,3037.TW,-0.028721101438906882,7
2026-05-07,3189.TW,-0.09011536292722096,7
2026-05-07,3264.TWO,0.14753547001766815,7
2026-05-07,3711.TW,0.09188093215695609,7
2026-05-07,4062.T,-0.007819812702090756,7
2026-05-07,600584.SS,0.05632884867098373,7
2026-05-07,6239.TW,0.14424961914037915,7
2026-05-07,8046.TW,-0.06686296529963291,7
2026-05-07,AMKR,0.08286024171581963,7
2026-05-07,INTC,0.13227732254544458,7
2026-05-27,002156.SZ,0.1725801216347295,5
2026-05-27,002185.SZ,0.1906042855768788,5
2026-05-27,005930.KS,0.021978920669483284,5
2026-05-27,2330.TW,0.006629893551250361,5
2026-05-27,2449.TW,0.1341646333733481,5
2026-05-27,3037.TW,0.11203920842404821,5
2026-05-27,3189.TW,0.13353139262452257,5
2026-05-27,3264.TWO,0.0419951245342825,5
2026-05-27,3711.TW,0.08537615086200315,5
2026-05-27,4062.T,0.08534331988893265,5
2026-05-27,600584.SS,0.1906793155843226,5
2026-05-27,6239.TW,0.18936380855350027,5
2026-05-27,8046.TW,-0.012931198194391716,5
2026-05-27,AMKR,-0.0022788134531871312,5
2026-05-27,INTC,0.011244528635400437,5
2026-06-04,002156.SZ,0.09525323259255235,2
2026-06-04,002185.SZ,0.04428578040223078,2
2026-06-04,2330.TW,0.018731033728348966,2
2026-06-04,2449.TW,0.050885450335175345,2
2026-06-04,3037.TW,0.02531780798428982,2
2026-06-04,3189.TW,-0.005398123769557395,2
2026-06-04,3264.TWO,0.06759329255508728,2
2026-06-04,3711.TW,0.046365935761077476,2
2026-06-04,4062.T,0.03738102082833093,2
2026-06-04,600584.SS,0.061506377713366006,2
2026-06-04,6239.TW,-0.01159437226055595,2
2026-06-04,8046.TW,0.04757409694957197,2
2026-06-04,AMKR,0.02698646241685157,2
2026-06-04,INTC,-0.012887976529565831,2
2026-06-23,002156.SZ,0.04272443689000309,5
2026-06-23,002185.SZ,0.04145412013080656,5
2026-06-23,005930.KS,-0.025140924506279166,5
2026-06-23,2330.TW,0.040655923469508165,5
2026-06-23,2449.TW,0.09427833169976348,5
2026-06-23,3037.TW,0.03751071944859023,5
2026-06-23,3189.TW,0.09480779345866668,5
2026-06-23,3264.TWO,0.040047504586595124,5
2026-06-23,3711.TW,0.09486510923304721,5
2026-06-23,4062.T,0.027236052529421878,5
2026-06-23,600584.SS,0.09527738138982517,5
2026-06-23,6239.TW,0.0068539638011608575,5
2026-06-23,8046.TW,-0.011507615599083997,5
2026-06-23,AMKR,0.04557285076445993,5
2026-06-23,INTC,0.10114857333844669,5
2026-07-07,002156.SZ,0.02107265665150935,4
2026-07-07,002185.SZ,0.021800624950388592,4
2026-07-07,005930.KS,0.027093290655526084,4
2026-07-07,2330.TW,0.006116259381997215,4
2026-07-07,2449.TW,0.04665575756727399,4
2026-07-07,3037.TW,-0.05311153635332179,4
2026-07-07,3189.TW,-0.08777561088238565,4
2026-07-07,3264.TWO,0.0396877482672426,4
2026-07-07,3711.TW,-0.0044085302847659685,4
2026-07-07,4062.T,-0.08745930532858609,4
2026-07-07,600584.SS,0.045283848288550234,4
2026-07-07,6239.TW,0.019048156754283993,4
2026-07-07,8046.TW,-0.09742211300746835,4
2026-07-21,002156.SZ,-0.1869404624691054,5
2026-07-21,002185.SZ,-0.21060227058996686,5
2026-07-21,005930.KS,-0.04409531986522425,5
2026-07-21,2330.TW,-0.06265088890248736,5
2026-07-21,2449.TW,-0.16177933553626186,5
2026-07-21,3037.TW,-0.1621188494764352,5
2026-07-21,3189.TW,-0.1257693872890335,5
2026-07-21,3264.TWO,-0.18442903913351927,5
2026-07-21,3711.TW,-0.1331125444508601,5
2026-07-21,4062.T,-0.10405267962076072,5
2026-07-21,600584.SS,-0.07769200636662496,5
2026-07-21,6239.TW,-0.17194899447345705,5
2026-07-21,8046.TW,-0.14310084364067327,5
2026-07-21,AMKR,-0.07201771462287178,5
2026-07-21,INTC,-0.080334010148186,5
2026-08-12,002156.SZ,-0.018202632075963947,2
2026-08-12,002185.SZ,-0.007224213780100427,2
2026-08-12,005930.KS,0.04047410792777455,2
2026-08-12,2330.TW,0.00628277668596792,2
2026-08-12,2449.TW,-0.010111309604320565,2
2026-08-12,3189.TW,0.0071514011576251195,2
2026-08-12,3264.TWO,-0.013574869091068897,2
2026-08-12,3711.TW,-0.0015885626851377694,2
2026-08-12,600584.SS,-0.010884267798910535,2
2026-08-12,6239.TW,-0.02101653536165861,2
2026-08-12,8046.TW,0.017544309650909487,2
2026-08-12,AMKR,-0.04439427219891519,2
2026-08-12,INTC,-0.041478104335472894,2
2026-08-18,002156.SZ,0.09536798025017984,4
2026-08-18,002185.SZ,0.05517897558257019,4
2026-08-18,2330.TW,0.002085517566771897,4
2026-08-18,2449.TW,0.006054508908706249,4
2026-08-18,3037.TW,0.09352605801082345,4
2026-08-18,3189.TW,0.048679673036233065,4
2026-08-18,3264.TWO,-0.029248429126232267,4
2026-08-18,3711.TW,-0.0016246957270019437,4
2026-08-18,4062.T,0.037535387125387835,4
2026-08-18,600584.SS,0.0868313690469991,4
2026-08-18,8046.TW,-0.007692345623155683,4
2026-08-18,AMKR,0.021244558132880835,4
2026-08-18,INTC,-0.01989824738817063,4
2026-09-09,002156.SZ,-0.014131533753542924,2
2026-09-09,002185.SZ,-0.00686428005859921,2
2026-09-09,005930.KS,-0.0018535686493229438,2
2026-09-09,2330.TW,0.0040567229202914945,2
2026-09-09,2449.TW,-0.016620881236040365,2
2026-09-09,3037.TW,0.005254872838358661,2
2026-09-09,3189.TW,-0.016119381879883182,2
2026-09-09,3264.TWO,-0.008849615276982567,2
2026-09-09,3711.TW,-0.004842624475787993,2
2026-09-09,4062.T,-0.06465864847269058,2
2026-09-09,600584.SS,-0.0058139921085529666,2
2026-09-09,6239.TW,-0.016201974576280437,2
2026-09-09,8046.TW,-0.02409755157906055,2
