cause,effect,n_obs,adf_p_cause,adf_p_effect,maxlag_searched,lag_aic,lag_bic,lag_used_bic,bic_lag_floored,F_bic,df_num_bic,df_denom_bic,p_bic,chi2_bic,chi2_p_bic,hac_F_bic,hac_p_bic,hac_maxlags,sig_raw_bic,sig_raw_hac_bic,lag_used_aic,aic_lag_floored,aic_at_boundary,F_aic,p_aic,sig_raw_aic,p_bic_fdr_bh,p_bic_bonf,sig_fdr_bh,sig_bonf,hac_p_bic_fdr_bh,sig_hac_fdr_bh,alignment_robust
002156.SZ,002185.SZ,1250,0.0,0.0,10,4,0,1,True,0.1451890533922725,1,1246,0.703240889591825,0.14553862575196497,0.7028357951791315,0.11780538012073849,0.7314849296841404,6,False,False,4,False,False,1.8050135417165776,0.1254493429333676,False,0.7982734422393689,1.0,False,False,0.8303342445063215,False,"robust (intra-Asia, no cross-timezone shift)"
002156.SZ,005930.KS,1250,0.0,8.911787422369986e-10,10,7,2,2,False,3.95283255964892,2,1243,0.019442083609520742,7.937465863945056,0.01889736221553057,1.8248628708477996,0.16167146430341323,6,True,False,7,False,False,1.3634021292508687,0.21704690067494797,False,0.07039375099998889,1.0,False,False,0.3897858364005882,False,"robust (intra-Asia, no cross-timezone shift)"
002156.SZ,2330.TW,1250,0.0,6.3567608108805994e-18,10,0,0,1,True,1.6592890844195978,1,1246,0.19793849642873293,1.6632841624719723,0.19716048560874266,1.776716876507658,0.18279666341200915,6,False,False,1,True,False,1.6592890844195978,0.19793849642873293,False,0.3646235460529291,1.0,False,False,0.40868965691628895,False,"robust (intra-Asia, no cross-timezone shift)"
002156.SZ,2449.TW,1250,0.0,0.0,10,0,0,1,True,1.346469618739241,1,1246,0.24611853188509347,1.3497115199079552,0.2453285556106844,1.155661558615718,0.28257523768718257,6,False,False,1,True,False,1.346469618739241,0.24611853188509347,False,0.4232333306567847,1.0,False,False,0.5071863240539174,False,"robust (intra-Asia, no cross-timezone shift)"
002156.SZ,3037.TW,1250,0.0,2.227320134455109e-30,10,0,0,1,True,0.7029337518265703,1,1246,0.40196046896245796,0.7046262086929262,0.40123357357169864,0.47560249897174806,0.49054939905183625,6,False,False,1,True,False,0.7029337518265703,0.40196046896245796,False,0.5665214663229273,1.0,False,False,0.6960498229789568,False,"robust (intra-Asia, no cross-timezone shift)"
002156.SZ,3189.TW,1250,0.0,0.0,10,0,0,1,True,0.7879333714139122,1,1246,0.3748970702385843,0.7898304822600131,0.3741513888574446,0.5606556752831574,0.4541375013624753,6,False,False,1,True,False,0.7879333714139122,0.3748970702385843,False,0.5467248940979355,1.0,False,False,0.6860768949414843,False,"robust (intra-Asia, no cross-timezone shift)"
002156.SZ,3264.TWO,1250,0.0,7.79526395883989e-27,10,7,0,1,True,5.967659819596541,1,1246,0.014708716189733777,5.982028181923017,0.014452373097311047,4.768904473575291,0.029164237280575524,6,True,True,7,False,False,1.6851688285533417,0.1086006123963393,False,0.056160552724438054,1.0,False,False,0.1303082942323587,False,"robust (intra-Asia, no cross-timezone shift)"
002156.SZ,3711.TW,1250,0.0,0.0,10,0,0,1,True,4.9025670807845785,1,1246,0.026997280135057332,4.914371014365921,0.026634159194130248,4.845066447679449,0.02790816766196927,6,True,True,1,True,False,4.9025670807845785,0.026997280135057332,True,0.09131840585425928,1.0,False,False,0.1302381157558566,False,"robust (intra-Asia, no cross-timezone shift)"
002156.SZ,4062.T,1250,0.0,0.0,10,2,0,1,True,0.06873948868393111,1,1246,0.7932243388876056,0.06890499307081056,0.7929378309295528,0.05500214985908724,0.81461567029227,6,False,False,2,False,False,0.32834767358403427,0.7201750520708692,False,0.8675891206583186,1.0,False,False,0.8956507369705586,False,"robust (intra-Asia, no cross-timezone shift)"
002156.SZ,600584.SS,1250,0.0,0.0,10,0,0,1,True,0.49148661681932476,1,1246,0.48339580912138225,0.49266997143445956,0.4827387027002209,0.3089036562313734,0.578453506865796,6,False,False,1,True,False,0.49148661681932476,0.48339580912138225,False,0.6424881007309511,1.0,False,False,0.7468808325755232,False,"robust (intra-Asia, no cross-timezone shift)"
002156.SZ,6239.TW,1250,0.0,0.0,10,0,0,1,True,5.668163160100573,1,1246,0.017425123024799902,5.681810422925855,0.017141671241976925,3.8622640817022384,0.049605505953725045,6,True,True,1,True,False,5.668163160100573,0.017425123024799902,True,0.06534421134299964,1.0,False,False,0.18940284091422288,False,"robust (intra-Asia, no cross-timezone shift)"
002156.SZ,8046.TW,1250,0.0,0.0,10,0,0,1,True,0.4249921061296945,1,1246,0.5145767637546313,0.4260153616019169,0.5139506550400894,0.2960300780020639,0.5864793195883611,6,False,False,1,True,False,0.4249921061296945,0.5145767637546313,False,0.6589092706614182,1.0,False,False,0.7468808325755232,False,"robust (intra-Asia, no cross-timezone shift)"
002156.SZ,AMKR,1250,0.0,7.046795987286572e-14,10,2,0,1,True,21.69773945026459,1,1246,3.5339251229312077e-06,21.749981198539704,3.105929106427703e-06,14.93101085803023,0.00011725607966408584,6,True,True,2,False,False,13.127281401478488,2.281753356493013e-06,True,5.817875143774827e-05,0.0007421242758155536,True,True,0.0027359751921620028,True,"alignment-sensitive, not interpreted as lead-lag"
002156.SZ,INTC,1250,0.0,0.0,10,1,0,1,True,11.334961788722437,1,1246,0.0007838069818811219,11.362253028984208,0.0007495184805278898,8.225836973561744,0.004199405681365722,6,True,True,1,False,False,11.334961788722437,0.0007838069818811219,True,0.005068885258143497,0.1645994661950356,True,False,0.02755859978396255,True,"alignment-sensitive, not interpreted as lead-lag"
002185.SZ,002156.SZ,1250,0.0,0.0,10,4,0,1,True,0.3252717802780053,1,1246,0.5685594148132409,0.32605493865748686,0.5679913693324317,0.20447518195396738,0.6512113102705452,6,False,False,4,False,False,1.5504325545571058,0.18531483319839528,False,0.7064939474010685,1.0,False,False,0.7950835764931076,False,"robust (intra-Asia, no cross-timezone shift)"
002185.SZ,005930.KS,1250,0.0,8.911787422369986e-10,10,10,2,2,False,3.875788979961097,2,1243,0.020989060181727078,7.782758884941995,0.020417162302668553,1.9693215333562388,0.13998667289475797,6,True,False,10,False,True,3.8302440831203093,4.0523524215080786e-05,True,0.07470682437563875,1.0,False,False,0.3674650163487397,False,"robust (intra-Asia, no cross-timezone shift)"
002185.SZ,2330.TW,1250,0.0,6.3567608108805994e-18,10,0,0,1,True,0.5631554929181425,1,1246,0.4531333172823161,0.5645114050198716,0.452448218470216,0.5861194680711218,0.44406862436498074,6,False,False,1,True,False,0.5631554929181425,0.4531333172823161,False,0.6139225588986218,1.0,False,False,0.6771569822283012,False,"robust (intra-Asia, no cross-timezone shift)"
002185.SZ,2449.TW,1250,0.0,0.0,10,0,0,1,True,0.5795739546547142,1,1246,0.4466234221235622,0.5809693975631927,0.4459325987154429,0.5062286221548341,0.4769092083188827,6,False,False,1,True,False,0.5795739546547142,0.4466234221235622,False,0.609031939259403,1.0,False,False,0.6906960948066577,False,"robust (intra-Asia, no cross-timezone shift)"
002185.SZ,3037.TW,1250,0.0,2.227320134455109e-30,10,0,0,1,True,0.21298302648802592,1,1246,0.6445198722114842,0.2134958267123149,0.644041100548574,0.1653864985155245,0.6843147920854338,6,False,False,1,True,False,0.21298302648802592,0.6445198722114842,False,0.7561406322034172,1.0,False,False,0.8165744128942507,False,"robust (intra-Asia, no cross-timezone shift)"
002185.SZ,3189.TW,1250,0.0,0.0,10,0,0,1,True,1.9534712949743442,1,1246,0.1624620606524403,1.958174676904459,0.16170866807718204,1.3970652729631075,0.23744107954136592,6,False,False,1,True,False,1.9534712949743442,0.1624620606524403,False,0.31015484306374963,1.0,False,False,0.46648676503094555,False,"robust (intra-Asia, no cross-timezone shift)"
002185.SZ,3264.TWO,1250,0.0,7.79526395883989e-27,10,7,0,1,True,3.237663411958298,1,1246,0.0722050744630581,3.2454587492262554,0.07162163796447442,1.7783689258291029,0.18259346846901697,6,False,False,7,False,False,0.971060310301661,0.4508037944883404,False,0.19151128216847002,1.0,False,False,0.40868965691628895,False,"robust (intra-Asia, no cross-timezone shift)"
002185.SZ,3711.TW,1250,0.0,0.0,10,0,0,1,True,1.0664899493215922,1,1246,0.3019400319472635,1.0690577421369734,0.30115837654010463,1.0385964216822103,0.3083459655219945,6,False,False,1,True,False,1.0664899493215922,0.3019400319472635,False,0.47318960230541296,1.0,False,False,0.5287406158831869,False,"robust (intra-Asia, no cross-timezone shift)"
002185.SZ,4062.T,1250,0.0,0.0,10,2,0,1,True,1.2873805605367301,1,1246,0.2567494693885151,1.2904801927049567,0.2559594761239644,0.8838987974013882,0.3473182714302657,6,False,False,2,False,False,0.8915154093930259,0.4102959297834702,False,0.42791578231419186,1.0,False,False,0.5788637857171096,False,"robust (intra-Asia, no cross-timezone shift)"
002185.SZ,600584.SS,1250,0.0,0.0,10,6,0,1,True,0.9402133625834846,1,1246,0.3324111568249517,0.942477118673172,0.3316416032992916,0.7268758138022728,0.39406158346334463,6,False,False,6,False,False,0.44650972188769067,0.8477460611446155,False,0.5095353498776631,1.0,False,False,0.6204151637616723,False,"robust (intra-Asia, no cross-timezone shift)"
002185.SZ,6239.TW,1250,0.0,0.0,10,0,0,1,True,3.1206182142258574,1,1246,0.07755225720390087,3.128131741226401,0.0769518801393921,1.700843539899923,0.1924185596948355,6,False,False,1,True,False,3.1206182142258574,0.07755225720390087,False,0.19159969426846096,1.0,False,False,0.42037152503142144,False,"robust (intra-Asia, no cross-timezone shift)"
002185.SZ,8046.TW,1250,0.0,0.0,10,0,0,1,True,0.20351300916716086,1,1246,0.65197856375354,0.20400300838666444,0.6515089511993413,0.1284625998806477,0.7200921385396789,6,False,False,1,True,False,0.20351300916716086,0.65197856375354,False,0.7577067126187106,1.0,False,False,0.8218442885507204,False,"robust (intra-Asia, no cross-timezone shift)"
002185.SZ,AMKR,1250,0.0,7.046795987286572e-14,10,2,0,1,True,10.667390163602542,1,1246,0.0011200863561515416,10.693074088555036,0.0010753736442140845,10.198321984903673,0.0014408690327778735,6,True,True,2,False,False,8.778691206800168,0.00016373367431030489,True,0.006918180435053639,0.23521813479182374,True,False,0.012103299875334138,True,"alignment-sensitive, not interpreted as lead-lag"
002185.SZ,INTC,1250,0.0,0.0,10,1,0,1,True,14.31043010334061,1,1246,0.00016235884923405895,14.344885392513982,0.00015219257869803014,13.62204139456281,0.00023319831761242657,6,True,True,1,False,False,14.31043010334061,0.00016235884923405895,True,0.0013638143335660952,0.03409535833915238,True,True,0.0040211978298716165,True,"alignment-sensitive, not interpreted as lead-lag"
005930.KS,002156.SZ,1250,8.911787422369986e-10,0.0,10,7,2,2,False,3.7138098930662933,2,1243,0.024655436520915192,7.457497580927971,0.024022874690235212,1.9698384949711065,0.13991455235704292,6,True,False,7,False,False,3.505927990103911,0.0009891176740449003,True,0.08487937162938017,1.0,False,False,0.3674650163487397,False,"robust (intra-Asia, no cross-timezone shift)"
005930.KS,002185.SZ,1250,8.911787422369986e-10,0.0,10,10,2,2,False,3.4233095729391603,2,1243,0.03291206354127134,6.874159850407195,0.03215845344567122,1.455599576227272,0.2336577896579602,6,True,False,10,False,True,2.3492875337286097,0.009540559741287202,True,0.10016714990821712,1.0,False,False,0.46648676503094555,False,"robust (intra-Asia, no cross-timezone shift)"
005930.KS,2330.TW,1250,8.911787422369986e-10,6.3567608108805994e-18,10,10,2,2,False,2.226873522717196,2,1243,0.10829530116365756,4.471662359374193,0.10690323711613771,1.8188727437644432,0.1626399556862603,6,False,False,10,False,True,1.37458457020691,0.1864558647800636,False,0.23938961309861143,1.0,False,False,0.3897858364005882,False,"robust (intra-Asia, no cross-timezone shift)"
005930.KS,2449.TW,1250,8.911787422369986e-10,0.0,10,2,2,2,False,0.30368027411774823,2,1243,0.7381515630873549,0.6098036719210778,0.7371957369512817,0.1468772613942616,0.8634149259557781,6,False,False,2,False,False,0.30368027411774823,0.7381515630873549,False,0.8201684034303942,1.0,False,False,0.9174721948835812,False,"robust (intra-Asia, no cross-timezone shift)"
005930.KS,3037.TW,1250,8.911787422369986e-10,2.227320134455109e-30,10,7,2,2,False,2.0191731860782434,2,1243,0.13320043479301075,4.0545907260267855,0.1316912168536988,1.3345225602048516,0.2636608069763375,6,False,False,7,False,False,2.974161558406782,0.004262833086290925,True,0.27423618927972804,1.0,False,False,0.49436401308063277,False,"robust (intra-Asia, no cross-timezone shift)"
005930.KS,3189.TW,1250,8.911787422369986e-10,0.0,10,3,2,2,False,3.353944216730876,2,1243,0.03526279589499404,6.73487109007262,0.034477941196891626,1.850765646111402,0.15754952809940082,6,True,False,3,False,False,4.819538500679685,0.0024301289256432952,True,0.10578838768498211,1.0,False,False,0.3897858364005882,False,"robust (intra-Asia, no cross-timezone shift)"
005930.KS,3264.TWO,1250,8.911787422369986e-10,7.79526395883989e-27,10,7,2,2,False,1.231087653784708,2,1243,0.29233058635204245,2.4720794721211834,0.29053252812689123,0.685621037867174,0.5039676814868698,6,False,False,7,False,False,3.1581784765996384,0.0025860616639214098,True,0.4650713873782494,1.0,False,False,0.7008822060413421,False,"robust (intra-Asia, no cross-timezone shift)"
005930.KS,3711.TW,1250,8.911787422369986e-10,0.0,10,7,2,2,False,6.724630883090966,2,1243,0.0012451354785127534,13.503361773286446,0.0011689131580392511,3.933881023810072,0.019811687140393542,6,True,True,7,False,False,3.795166881715459,0.00043851768291624924,True,0.00747081287107652,0.2614784504876782,True,False,0.10147449510933278,False,"robust (intra-Asia, no cross-timezone shift)"
005930.KS,4062.T,1250,8.911787422369986e-10,0.0,10,7,2,2,False,5.619373737305818,2,1243,0.0037196649419486074,11.283955630181273,0.0035458484338644876,4.137389409386666,0.016184865344787594,6,True,True,7,False,False,5.823294159123855,1.1615014890270085e-06,True,0.017752946313845625,0.7811296378092075,True,False,0.08714927493347166,False,"robust (intra-Asia, no cross-timezone shift)"
005930.KS,600584.SS,1250,8.911787422369986e-10,0.0,10,10,2,2,False,2.299155348666357,2,1243,0.1007701497686759,4.616807522342097,0.09941982274867033,0.9273252693533777,0.39588396163840034,6,False,False,10,False,True,3.859235792179483,3.619352008756482e-05,True,0.2271896209781594,1.0,False,False,0.6204151637616723,False,"robust (intra-Asia, no cross-timezone shift)"
005930.KS,6239.TW,1250,8.911787422369986e-10,0.0,10,2,2,2,False,0.9354635754858805,2,1243,0.3926799934017339,1.878453004354592,0.3909301020248922,0.3787701840730338,0.6847819509924791,6,False,False,2,False,False,0.9354635754858805,0.3926799934017339,False,0.5609714191453341,1.0,False,False,0.8165744128942507,False,"robust (intra-Asia, no cross-timezone shift)"
005930.KS,8046.TW,1250,8.911787422369986e-10,0.0,10,2,2,2,False,2.0931154226162496,2,1243,0.12373678481949568,4.203070068262397,0.12226859765610004,1.31978909536301,0.2675658020147647,6,False,False,2,False,False,2.0931154226162496,0.12373678481949568,False,0.2651502531846336,1.0,False,False,0.49474958973505784,False,"robust (intra-Asia, no cross-timezone shift)"
005930.KS,AMKR,1250,8.911787422369986e-10,7.046795987286572e-14,10,10,2,2,False,25.05442343101436,2,1243,2.1508116922429174e-11,50.31041100869819,1.1891401924067132e-11,12.44043045157734,4.472519268443315e-06,6,True,True,10,False,True,9.57710780214591,1.711525096723586e-15,True,4.516704553710126e-09,4.516704553710127e-09,True,True,0.00046961452318654805,True,"alignment-sensitive, not interpreted as lead-lag"
005930.KS,INTC,1250,8.911787422369986e-10,0.0,10,10,2,2,False,11.409805869146215,2,1243,1.2294766619596988e-05,22.91140422316086,1.0588922911677885e-05,7.31845609438691,0.0006921538784970282,6,True,True,10,False,True,6.324548616027109,1.6083252059414868e-09,True,0.00014343894389529818,0.0025819009901153676,True,True,0.009084519655273494,True,"alignment-sensitive, not interpreted as lead-lag"
2330.TW,002156.SZ,1250,6.3567608108805994e-18,0.0,10,0,0,1,True,0.014158144136836266,1,1246,0.9053040430425197,0.014192232766379211,0.9051714461328407,0.010924147942827797,0.9167745909949038,6,False,False,1,True,False,0.014158144136836266,0.9053040430425197,False,0.9365214238370893,1.0,False,False,0.9483875079257625,False,"robust (intra-Asia, no cross-timezone shift)"
2330.TW,002185.SZ,1250,6.3567608108805994e-18,0.0,10,0,0,1,True,0.3308849720694902,1,1246,0.565242304716703,0.3316816453569769,0.5646705481785578,0.29546787888037646,0.5868349398807682,6,False,False,1,True,False,0.3308849720694902,0.565242304716703,False,0.7064939474010685,1.0,False,False,0.7468808325755232,False,"robust (intra-Asia, no cross-timezone shift)"
2330.TW,005930.KS,1250,6.3567608108805994e-18,8.911787422369986e-10,10,10,2,2,False,3.4555411164813323,2,1243,0.03187382404123014,6.938882241944816,0.031134426177440135,2.6824029430941527,0.06879453980923589,6,True,False,10,False,True,2.513313908126559,0.0054238065161847,True,0.09952969373374011,1.0,False,False,0.23683366163835304,False,"robust (intra-Asia, no cross-timezone shift)"
2330.TW,2449.TW,1250,6.3567608108805994e-18,0.0,10,2,0,1,True,10.333548646045475,1,1246,0.0013398465718908702,10.35842877922215,0.0012888485438160692,8.328711381250335,0.003969597028420658,6,True,True,2,False,False,9.062701220608359,0.0001237483420106403,True,0.00781577166936341,0.28136778009708274,True,False,0.02690122603007573,True,"robust (intra-Asia, no cross-timezone shift)"
2330.TW,3037.TW,1250,6.3567608108805994e-18,2.227320134455109e-30,10,2,0,1,True,8.09957422419281,1,1246,0.004500101331665183,8.119075606755073,0.004380188769324277,7.37329510728066,0.006711437401990868,6,True,True,2,False,False,5.583000952144625,0.00385619714779314,True,0.021000472881104185,0.9450212796496883,True,False,0.04270914710357825,True,"robust (intra-Asia, no cross-timezone shift)"
2330.TW,3189.TW,1250,6.3567608108805994e-18,0.0,10,2,0,1,True,14.037619971683274,1,1246,0.00018738459003671035,14.071418414632753,0.0001759980112638587,10.495114919125394,0.001228507433390109,6,True,True,2,False,False,9.116648685329123,0.00011734052385078519,True,0.0015134909195272759,0.039350763907709176,True,True,0.011726661864178312,True,"robust (intra-Asia, no cross-timezone shift)"
2330.TW,3264.TWO,1250,6.3567608108805994e-18,7.79526395883989e-27,10,7,1,1,False,20.725755673681828,1,1246,5.8183880609910535e-06,20.77565717209358,5.163513230521391e-06,15.320269952207806,9.564685773361612e-05,6,True,True,7,False,False,6.14123090224392,4.473986863112956e-07,True,7.773043390131451e-05,0.0012218614928081212,True,True,0.0027359751921620028,True,"robust (intra-Asia, no cross-timezone shift)"
2330.TW,3711.TW,1250,6.3567608108805994e-18,0.0,10,1,1,1,False,14.786841338305157,1,1246,0.00012645521242081331,14.822443685026597,0.00011812135191343675,9.307343895614922,0.002330603122486021,6,True,True,1,False,False,14.786841338305157,0.00012645521242081331,True,0.001154591069929165,0.026555594608370797,True,True,0.018824102143156322,True,"robust (intra-Asia, no cross-timezone shift)"
2330.TW,4062.T,1250,6.3567608108805994e-18,0.0,10,0,0,1,True,0.9215636498783678,1,1246,0.33725098646873075,0.9237825029679626,0.33648376657186824,0.8410191862800773,0.35928291218969843,6,False,False,1,True,False,0.9215636498783678,0.33725098646873075,False,0.513208022887199,1.0,False,False,0.5894485278112239,False,"robust (intra-Asia, no cross-timezone shift)"
2330.TW,600584.SS,1250,6.3567608108805994e-18,0.0,10,0,0,1,True,0.060445763929295626,1,1246,0.8058332660127917,0.060591299476476915,0.8055637967490008,0.05840685601748549,0.8090716882995757,6,False,False,1,True,False,0.060445763929295626,0.8058332660127917,False,0.8764746006791669,1.0,False,False,0.8942371291732152,False,"robust (intra-Asia, no cross-timezone shift)"
2330.TW,6239.TW,1250,6.3567608108805994e-18,0.0,10,1,1,1,False,20.69128831110865,1,1246,5.922318773433487e-06,20.741106822291094,5.257517233071829e-06,15.982879198761655,6.767120687373899e-05,6,True,True,1,False,False,20.69128831110865,5.922318773433487e-06,True,7.773043390131451e-05,0.0012436869424210322,True,True,0.0027359751921620028,True,"robust (intra-Asia, no cross-timezone shift)"
2330.TW,8046.TW,1250,6.3567608108805994e-18,0.0,10,2,0,1,True,13.862482790325775,1,1246,0.00020546758496580968,13.895859554668451,0.00019322366023808828,12.0334591296866,0.0005403719379431104,6,True,True,2,False,False,7.653299028866955,0.000497179183199474,True,0.001598081216400742,0.04314819284282003,True,True,0.007565207131203546,True,"robust (intra-Asia, no cross-timezone shift)"
2330.TW,AMKR,1250,6.3567608108805994e-18,7.046795987286572e-14,10,1,1,1,False,21.660748553489924,1,1246,3.601541755670131e-06,21.712901238610687,3.166545401267096e-06,15.720074269746076,7.761681614979911e-05,6,True,True,1,False,False,21.660748553489924,3.601541755670131e-06,True,5.817875143774827e-05,0.0007563237686907275,True,True,0.0027359751921620028,True,"alignment-sensitive, not interpreted as lead-lag"
2330.TW,INTC,1250,6.3567608108805994e-18,0.0,10,1,0,1,True,6.038681862871238,1,1246,0.014131189006605987,6.0532212253019075,0.013880951142357333,3.6441009636830786,0.05649771006274872,6,True,False,1,False,False,6.038681862871238,0.014131189006605987,True,0.054954623914578844,1.0,False,False,0.20572693850446244,False,"alignment-sensitive, not interpreted as lead-lag"
2449.TW,002156.SZ,1250,0.0,0.0,10,0,0,1,True,1.4208811933277878,1,1246,0.23348539355684683,1.4243022555910168,0.23269656891351737,1.2012175713104127,0.27329024956793674,6,False,False,1,True,False,1.4208811933277878,0.23348539355684683,False,0.41907634740972505,1.0,False,False,0.49474958973505784,False,"robust (intra-Asia, no cross-timezone shift)"
2449.TW,002185.SZ,1250,0.0,0.0,10,0,0,1,True,0.005446091551882329,1,1246,0.9411832505980438,0.005459204131862784,0.9411007558124299,0.004846169927301961,0.9445117155489128,6,False,False,1,True,False,0.005446091551882329,0.9411832505980438,False,0.9594586535222777,1.0,False,False,0.9628517488605421,False,"robust (intra-Asia, no cross-timezone shift)"
2449.TW,005930.KS,1250,0.0,8.911787422369986e-10,10,2,2,2,False,1.0110778417767046,2,1243,0.36412564062862995,2.0302898576626345,0.3623499110777011,0.5970147001323035,0.5506102135404081,6,False,False,2,False,False,1.0110778417767046,0.36412564062862995,False,0.5394686624872568,1.0,False,False,0.7318237015410487,False,"robust (intra-Asia, no cross-timezone shift)"
2449.TW,2330.TW,1250,0.0,6.3567608108805994e-18,10,2,0,1,True,0.30854672733523353,1,1246,0.5786730573042183,0.3092896167268914,0.5781164323514325,0.28630782108573827,0.5926918153730709,6,False,False,2,False,False,1.7619147942125324,0.1721443270059863,False,0.7106511230051803,1.0,False,False,0.749790850773162,False,"robust (intra-Asia, no cross-timezone shift)"
2449.TW,3037.TW,1250,0.0,2.227320134455109e-30,10,0,0,1,True,0.04243095225684217,1,1246,0.8368341324306727,0.04253311345810262,0.8366068982619037,0.03154737738217926,0.8590535736513949,6,False,False,1,True,False,0.04243095225684217,0.8368341324306727,False,0.8875513525779862,1.0,False,False,0.9174721948835812,False,"robust (intra-Asia, no cross-timezone shift)"
2449.TW,3189.TW,1250,0.0,0.0,10,0,0,1,True,1.1109642436247475,1,1246,0.29207678257049247,1.1136391174055456,0.2912922510741034,0.6677250264563922,0.41400210503880164,6,False,False,1,True,False,1.1109642436247475,0.29207678257049247,False,0.4650713873782494,1.0,False,False,0.6392679563099143,False,"robust (intra-Asia, no cross-timezone shift)"
2449.TW,3264.TWO,1250,0.0,7.79526395883989e-27,10,7,0,1,True,8.497956015427338,1,1246,0.0036190349124453594,8.51841658368278,0.003515702509967153,5.241312021452031,0.022223246940051802,6,True,True,7,False,False,3.919753410617386,0.00030785724841442567,True,0.017674356549151757,0.7599973316135255,True,False,0.11111623470025901,False,"robust (intra-Asia, no cross-timezone shift)"
2449.TW,3711.TW,1250,0.0,0.0,10,2,0,1,True,4.596590142828969,1,1246,0.032228662732830135,4.607657374312506,0.031829486616571326,2.4119609372116453,0.12066539521199159,6,True,False,2,False,False,5.737588914026625,0.0033084795698070098,True,0.09952969373374011,1.0,False,False,0.3248683717245927,False,"robust (intra-Asia, no cross-timezone shift)"
2449.TW,4062.T,1250,0.0,0.0,10,2,0,1,True,3.253838518936243,1,1246,0.07149784499429998,3.2616728010845644,0.07091674811913969,3.182114240212918,0.07469164788186189,6,False,False,2,False,False,7.041629607986405,0.0009100260299749814,True,0.19151128216847002,1.0,False,False,0.24520301849836562,False,"robust (intra-Asia, no cross-timezone shift)"
2449.TW,600584.SS,1250,0.0,0.0,10,0,0,1,True,0.04898118434914587,1,1246,0.8248819300338301,0.04909911657470561,0.8246383582567683,0.04226992369898716,0.8371396903720139,6,False,False,1,True,False,0.04898118434914587,0.8248819300338301,False,0.8819063609742404,1.0,False,False,0.9094243011462549,False,"robust (intra-Asia, no cross-timezone shift)"
2449.TW,6239.TW,1250,0.0,0.0,10,2,0,1,True,4.87718288462093,1,1246,0.027395521756277783,4.888925700555009,0.027029500210232,2.8633936866677554,0.09086615580089308,6,True,False,2,False,False,8.412347556503653,0.0002350004226753187,True,0.09131840585425928,1.0,False,False,0.27259846740267923,False,"robust (intra-Asia, no cross-timezone shift)"
2449.TW,8046.TW,1250,0.0,0.0,10,0,0,1,True,0.22974649372583872,1,1246,0.6317959757437921,0.2302996554282284,0.6313017274901291,0.14253677388758992,0.7058363247146067,6,False,False,1,True,False,0.22974649372583872,0.6317959757437921,False,0.7482083944303871,1.0,False,False,0.8165744128942507,False,"robust (intra-Asia, no cross-timezone shift)"
2449.TW,AMKR,1250,0.0,7.046795987286572e-14,10,6,0,1,True,21.316351474010474,1,1246,4.296948626994699e-06,21.367674952679838,3.7910945093951103e-06,11.315020220987885,0.0007921922846054947,6,True,True,6,False,False,6.087659594444864,2.692182963356414e-06,True,6.445422940492049e-05,0.0009023592116688868,True,True,0.009495600513756548,True,"alignment-sensitive, not interpreted as lead-lag"
2449.TW,INTC,1250,0.0,0.0,10,2,0,1,True,8.883561194230612,1,1246,0.0029333096008048727,8.904950185870014,0.0028439863619518896,4.769996084478782,0.029145823999029454,6,True,True,2,False,False,4.963470406868875,0.0071277798009763685,True,0.015024268687049348,0.6159950161690233,True,False,0.1303082942323587,False,"alignment-sensitive, not interpreted as lead-lag"
3037.TW,002156.SZ,1250,2.227320134455109e-30,0.0,10,0,0,1,True,0.020499112235249067,1,1246,0.8861750360823895,0.020548468043199104,0.8860158474681352,0.017398511722180123,0.895081980412564,6,False,False,1,True,False,0.020499112235249067,0.8861750360823895,False,0.9258545153099591,1.0,False,False,0.9305551467020892,False,"robust (intra-Asia, no cross-timezone shift)"
3037.TW,002185.SZ,1250,2.227320134455109e-30,0.0,10,0,0,1,True,2.7971807973210465,1,1246,0.09468126214966786,2.803915582547341,0.0940344071450744,1.9282797017421531,0.16519494971263024,6,False,False,1,True,False,2.7971807973210465,0.09468126214966786,False,0.2209229450158917,1.0,False,False,0.3897858364005882,False,"robust (intra-Asia, no cross-timezone shift)"
3037.TW,005930.KS,1250,2.227320134455109e-30,8.911787422369986e-10,10,7,2,2,False,0.9228200739310828,2,1243,0.39766885715658584,1.8530642836138234,0.3959243418929967,0.9968678124659467,0.36932835010579756,6,False,False,7,False,False,1.0893392386511145,0.36754972350037696,False,0.5642598648843448,1.0,False,False,0.6012321978466472,False,"robust (intra-Asia, no cross-timezone shift)"
3037.TW,2330.TW,1250,2.227320134455109e-30,6.3567608108805994e-18,10,2,0,1,True,0.0006635762956184047,1,1246,0.9794529116688352,0.0006651739913542435,0.9794240665495026,0.000596711709197535,0.9805153782465056,6,False,False,2,False,False,0.5756497045436464,0.5624892376969554,False,0.9823795827195526,1.0,False,False,0.985206839386441,False,"robust (intra-Asia, no cross-timezone shift)"
3037.TW,2449.TW,1250,2.227320134455109e-30,0.0,10,0,0,1,True,0.03148835284850899,1,1246,0.8591841088759898,0.031564167502237346,0.858987587303394,0.028584578763260562,0.865769224136131,6,False,False,1,True,False,0.03148835284850899,0.8591841088759898,False,0.9021433143197893,1.0,False,False,0.9174721948835812,False,"robust (intra-Asia, no cross-timezone shift)"
3037.TW,3189.TW,1250,2.227320134455109e-30,0.0,10,1,0,1,True,7.918999750322403,1,1246,0.004968754955404017,7.938066362883371,0.0048405531222092315,6.864577281550706,0.008898968346060016,6,True,True,1,False,False,7.918999750322403,0.004968754955404017,True,0.022683446535540077,1.0,True,False,0.0533938100763601,False,"robust (intra-Asia, no cross-timezone shift)"
3037.TW,3264.TWO,1250,2.227320134455109e-30,7.79526395883989e-27,10,7,0,1,True,4.177644610599664,1,1246,0.04117048308739068,4.187703144975105,0.04071822862432363,2.6679450628538905,0.10264078469670927,6,True,False,7,False,False,4.01635620106642,0.00023370310896276484,True,0.11683515470746003,1.0,False,False,0.29526801077135545,False,"robust (intra-Asia, no cross-timezone shift)"
3037.TW,3711.TW,1250,2.227320134455109e-30,0.0,10,0,0,1,True,3.727199510244005,1,1246,0.053759760351732654,3.736173505854544,0.05324625193505058,3.009980908024548,0.0830005396267911,6,False,False,1,True,False,3.727199510244005,0.053759760351732654,False,0.14661752823199817,1.0,False,False,0.26480021261470793,False,"robust (intra-Asia, no cross-timezone shift)"
3037.TW,4062.T,1250,2.227320134455109e-30,0.0,10,1,1,1,False,0.43034319520829784,1,1246,0.5119417108853909,0.4313793345226035,0.5113129048688587,0.3107721759903808,0.5773068647810164,6,False,False,1,False,False,0.43034319520829784,0.5119417108853909,False,0.6589092706614182,1.0,False,False,0.7468808325755232,False,"robust (intra-Asia, no cross-timezone shift)"
3037.TW,600584.SS,1250,2.227320134455109e-30,0.0,10,0,0,1,True,0.20214772138665102,1,1246,0.6530710237332696,0.2026344333964102,0.6526027579217776,0.13340685589715287,0.7149875096826128,6,False,False,1,True,False,0.20214772138665102,0.6530710237332696,False,0.7577067126187106,1.0,False,False,0.8204774701275884,False,"robust (intra-Asia, no cross-timezone shift)"
3037.TW,6239.TW,1250,2.227320134455109e-30,0.0,10,1,0,1,True,5.132304599308597,1,1246,0.023655578760993314,5.144661672982695,0.023317953744089643,3.182233613958805,0.07468620665900175,6,True,False,1,False,False,5.132304599308597,0.023655578760993314,True,0.0827945256634766,1.0,False,False,0.24520301849836562,False,"robust (intra-Asia, no cross-timezone shift)"
3037.TW,8046.TW,1250,2.227320134455109e-30,0.0,10,1,0,1,True,12.255189174712942,1,1246,0.00048035465620592803,12.284696050735526,0.00045668777109981687,8.533573186762123,0.0035493699529273344,6,True,True,1,False,False,12.255189174712942,0.00048035465620592803,True,0.0032540154130078994,0.10087447780324489,True,False,0.025702334141887592,True,"robust (intra-Asia, no cross-timezone shift)"
3037.TW,AMKR,1250,2.227320134455109e-30,7.046795987286572e-14,10,1,1,1,False,35.191611917972274,1,1246,3.866294271172779e-09,35.27634292580046,2.860861200282437e-09,15.546555145252324,8.497851813013175e-05,6,True,True,1,False,False,35.191611917972274,3.866294271172779e-09,True,2.706405989820945e-07,8.119217969462836e-07,True,True,0.0027359751921620028,True,"alignment-sensitive, not interpreted as lead-lag"
3037.TW,INTC,1250,2.227320134455109e-30,0.0,10,1,0,1,True,14.947913492853509,1,1246,0.00011622271357163273,14.983903653751229,0.00010843215344604753,9.194050274247804,0.002478195401486535,6,True,True,1,False,False,14.947913492853509,0.00011622271357163273,True,0.0011093986295474033,0.024406769850042875,True,True,0.01927485312267305,True,"alignment-sensitive, not interpreted as lead-lag"
3189.TW,002156.SZ,1250,0.0,0.0,10,0,0,1,True,0.4663358592965394,1,1246,0.4948046370686986,0.4674586583157125,0.4941586335884901,0.33804160558801377,0.56106699212116,6,False,False,1,True,False,0.4663358592965394,0.4948046370686986,False,0.649431086152667,1.0,False,False,0.7364004271590224,False,"robust (intra-Asia, no cross-timezone shift)"
3189.TW,002185.SZ,1250,0.0,0.0,10,0,0,1,True,2.3880580856995164,1,1246,0.12251935457509879,2.3938078242686163,0.12181658527178285,1.3838527063566703,0.2396706746397066,6,False,False,1,True,False,2.3880580856995164,0.12251935457509879,False,0.2651502531846336,1.0,False,False,0.46648676503094555,False,"robust (intra-Asia, no cross-timezone shift)"
3189.TW,005930.KS,1250,0.0,8.911787422369986e-10,10,3,2,2,False,1.074769673052276,2,1243,0.34169340006781945,2.1581859243270163,0.33990369137366266,0.64254934353555,0.5261244924978805,6,False,False,3,False,False,1.3071948929753705,0.27057008364633117,False,0.5162274389513819,1.0,False,False,0.7174424897698372,False,"robust (intra-Asia, no cross-timezone shift)"
3189.TW,2330.TW,1250,0.0,6.3567608108805994e-18,10,2,0,1,True,1.2698170045631636,1,1246,0.2600179793962241,1.272874348875916,0.25922814582911846,1.2093988310437227,0.27166364237466556,6,False,False,2,False,False,1.4163291133215898,0.2429941930116087,False,0.4299509895528116,1.0,False,False,0.49474958973505784,False,"robust (intra-Asia, no cross-timezone shift)"
3189.TW,2449.TW,1250,0.0,0.0,10,0,0,1,True,1.2198685380017664,1,1246,0.26959969006659174,1.222805621159074,0.26881074969684843,1.032835421248706,0.3096909321601523,6,False,False,1,True,False,1.2198685380017664,0.26959969006659174,False,0.4388832163874749,1.0,False,False,0.5287406158831869,False,"robust (intra-Asia, no cross-timezone shift)"
3189.TW,3037.TW,1250,0.0,2.227320134455109e-30,10,1,0,1,True,1.9563232648721594,1,1246,0.1621559364385688,1.9610335135034727,0.161402829185686,1.9369436134117672,0.16424916367756237,6,False,False,1,False,False,1.9563232648721594,0.1621559364385688,False,0.31015484306374963,1.0,False,False,0.3897858364005882,False,"robust (intra-Asia, no cross-timezone shift)"
3189.TW,3264.TWO,1250,0.0,7.79526395883989e-27,10,7,0,1,True,0.05763067196982739,1,1246,0.8103202140333184,0.05776942960699391,0.8100568285706469,0.038504569825940284,0.8444654224929511,6,False,False,7,False,False,3.7236282523794015,0.0005368118854065262,True,0.8764746006791669,1.0,False,False,0.9094243011462549,False,"robust (intra-Asia, no cross-timezone shift)"
3189.TW,3711.TW,1250,0.0,0.0,10,1,0,1,True,0.22652539517222398,1,1246,0.6341956867076615,0.22707080142063224,0.6337043426723701,0.15482126370119095,0.6940372330291853,6,False,False,1,False,False,0.22652539517222398,0.6341956867076615,False,0.7482083944303871,1.0,False,False,0.8165744128942507,False,"robust (intra-Asia, no cross-timezone shift)"
3189.TW,4062.T,1250,0.0,0.0,10,2,0,1,True,2.335377719966866,1,1246,0.12671811706832056,2.3410006197741695,0.12600859001496895,1.6874967535605245,0.1941716091811804,6,False,False,2,False,False,1.168833653304066,0.3110704277120116,False,0.2687960059024982,1.0,False,False,0.42037152503142144,False,"robust (intra-Asia, no cross-timezone shift)"
3189.TW,600584.SS,1250,0.0,0.0,10,1,0,1,True,1.3631190486819729,1,1246,0.24322102312041943,1.3664010367606614,0.2424311990935079,0.7072830697144686,0.4005086077971367,6,False,False,1,False,False,1.3631190486819729,0.24322102312041943,False,0.4232333306567847,1.0,False,False,0.623013389906657,False,"robust (intra-Asia, no cross-timezone shift)"
3189.TW,6239.TW,1250,0.0,0.0,10,0,0,1,True,0.010841101765315515,1,1246,0.9170903905580465,0.010867203936500062,0.9169742236379466,0.006628810044943374,0.9351230044465445,6,False,False,1,True,False,0.010841101765315515,0.9170903905580465,False,0.9440636373391655,1.0,False,False,0.9622526506735943,False,"robust (intra-Asia, no cross-timezone shift)"
3189.TW,8046.TW,1250,0.0,0.0,10,1,0,1,True,0.6613493229554587,1,1246,0.41623935061820394,0.6629416567988505,0.4155233447653788,0.5521331796719336,0.4575874571720344,6,False,False,1,False,False,0.6613493229554587,0.41623935061820394,False,0.5827350908654855,1.0,False,False,0.6860768949414843,False,"robust (intra-Asia, no cross-timezone shift)"
3189.TW,AMKR,1250,0.0,7.046795987286572e-14,10,1,1,1,False,27.287740757265944,1,1246,2.0531453571414106e-07,27.353441577708796,1.6946257165818824e-07,11.163104802087329,0.0008591257607684495,6,True,True,1,False,False,27.287740757265944,2.0531453571414106e-07,True,7.186008749994937e-06,4.311605249996962e-05,True,True,0.009495600513756548,True,"alignment-sensitive, not interpreted as lead-lag"
3189.TW,INTC,1250,0.0,0.0,10,1,0,1,True,6.547256318512098,1,1246,0.010621938971605856,6.563020178026975,0.010411950736779132,4.262940766127227,0.039158963174191964,6,True,True,1,False,False,6.547256318512098,0.010621938971605856,True,0.04647098300077562,1.0,True,False,0.1611535361033926,False,"alignment-sensitive, not interpreted as lead-lag"
3264.TWO,002156.SZ,1250,7.79526395883989e-27,0.0,10,7,0,1,True,0.0004879746107943639,1,1246,0.9823795827195526,0.0004891495095362444,0.9823548453924769,0.00031401602928449423,0.985864665648669,6,False,False,7,False,False,1.6349382940101096,0.1215240701826093,False,0.9823795827195526,1.0,False,False,0.985864665648669,False,"robust (intra-Asia, no cross-timezone shift)"
3264.TWO,002185.SZ,1250,7.79526395883989e-27,0.0,10,7,0,1,True,0.047609479397056946,1,1246,0.827312157675835,0.0477241089622184,0.8270719025530963,0.027039393773993867,0.8694141275325364,6,False,False,7,False,False,1.9767094201888566,0.05509143226864436,False,0.8819063609742404,1.0,False,False,0.9174721948835812,False,"robust (intra-Asia, no cross-timezone shift)"
3264.TWO,005930.KS,1250,7.79526395883989e-27,8.911787422369986e-10,10,7,2,2,False,0.965656488464233,2,1243,0.3810186063123431,1.939081733875081,0.37925712762167824,0.614900907108491,0.5408588598718511,6,False,False,7,False,False,0.7113223055116891,0.6624900414720065,False,0.5518200505213244,1.0,False,False,0.7234417870897372,False,"robust (intra-Asia, no cross-timezone shift)"
3264.TWO,2330.TW,1250,7.79526395883989e-27,6.3567608108805994e-18,10,7,1,1,False,0.09460240384366816,1,1246,0.7584571189582308,0.09483017849176689,0.7581241149184442,0.06570476096649783,0.7977388119804496,6,False,False,7,False,False,1.5361200607303915,0.15094074083979717,False,0.8382947104275182,1.0,False,False,0.8863764577560551,False,"robust (intra-Asia, no cross-timezone shift)"
3264.TWO,2449.TW,1250,7.79526395883989e-27,0.0,10,7,0,1,True,0.8131920716169402,1,1246,0.3673524701698939,0.8151499979530966,0.3666020194110181,0.5101839076976443,0.4751930383598838,6,False,False,7,False,False,2.323934854761082,0.023405438907876407,True,0.5394686624872568,1.0,False,False,0.6906960948066577,False,"robust (intra-Asia, no cross-timezone shift)"
3264.TWO,3037.TW,1250,7.79526395883989e-27,2.227320134455109e-30,10,7,0,1,True,0.1954594416421923,1,1246,0.6584878138568117,0.19593005024967752,0.6580262449926337,0.14065169328605068,0.7076978245083506,6,False,False,7,False,False,1.0409517773749672,0.40032984444295033,False,0.7597936313732442,1.0,False,False,0.8165744128942507,False,"robust (intra-Asia, no cross-timezone shift)"
3264.TWO,3189.TW,1250,7.79526395883989e-27,0.0,10,7,0,1,True,0.037239703966270625,1,1246,0.8470092796334527,0.03732936617485715,0.8467960029352789,0.02076311220350318,0.8854494579461798,6,False,False,7,False,False,0.9905079536626317,0.4364026823600141,False,0.8938288880554024,1.0,False,False,0.9297219308434889,False,"robust (intra-Asia, no cross-timezone shift)"
3264.TWO,3711.TW,1250,7.79526395883989e-27,0.0,10,7,1,1,False,2.452326958082213,1,1246,0.11760470502785744,2.4582314371145135,0.11691035030145087,1.4321635974455,0.2316393122106177,6,False,False,7,False,False,1.6865138972670002,0.10827198474682814,False,0.25726029224843816,1.0,False,False,0.46648676503094555,False,"robust (intra-Asia, no cross-timezone shift)"
3264.TWO,4062.T,1250,7.79526395883989e-27,0.0,10,7,0,1,True,0.25010112596519524,1,1246,0.61709218901031,0.25070329561037624,0.616580300224004,0.14992150373093993,0.69867650723961,6,False,False,7,False,False,3.3258339696810593,0.0016311770261604561,True,0.740510626812372,1.0,False,False,0.8165744128942507,False,"robust (intra-Asia, no cross-timezone shift)"
3264.TWO,600584.SS,1250,7.79526395883989e-27,0.0,10,5,0,1,True,1.3567856731964167,1,1246,0.24431828760198776,1.3600524123774678,0.24352839827528266,0.9183238720110717,0.3381013566760521,6,False,False,5,False,False,1.2072493404172118,0.3034223555994549,False,0.4232333306567847,1.0,False,False,0.5725910072739592,False,"robust (intra-Asia, no cross-timezone shift)"
3264.TWO,6239.TW,1250,7.79526395883989e-27,0.0,10,7,0,1,True,2.7548725597808343,1,1246,0.09721017484634423,2.761505479266663,0.09655733367299621,1.529704287246355,0.216389893082299,6,False,False,7,False,False,1.6102241626415321,0.12836654098257178,False,0.22189279041013357,1.0,False,False,0.44118327715808536,False,"robust (intra-Asia, no cross-timezone shift)"
3264.TWO,8046.TW,1250,7.79526395883989e-27,0.0,10,5,0,1,True,0.9938365646741635,1,1246,0.3190000479073466,0.996229429597135,0.3182245988383553,0.5345739892636463,0.46482765064698206,6,False,False,5,False,False,1.639761426505357,0.14650651084524904,False,0.492573603386344,1.0,False,False,0.6860768949414843,False,"robust (intra-Asia, no cross-timezone shift)"
3264.TWO,AMKR,1250,7.79526395883989e-27,7.046795987286572e-14,10,5,1,1,False,18.792528698298646,1,1246,1.5748060298850222e-05,18.8377755571228,1.4232029452461608e-05,7.1349827757939766,0.007657908274937994,6,True,True,5,False,False,4.9746888845815285,0.0001623431974990485,True,0.0001740575085662393,0.0033070926627585466,True,True,0.047298845227558194,True,"alignment-sensitive, not interpreted as lead-lag"
3264.TWO,INTC,1250,7.79526395883989e-27,0.0,10,5,0,1,True,2.761608012286909,1,1246,0.09680268985313843,2.76825714875309,0.09615079947870511,1.6690845430513506,0.19662076835979236,6,False,False,5,False,False,0.984649435878629,0.42579331700419987,False,0.22189279041013357,1.0,False,False,0.4213302179138408,False,"alignment-sensitive, not interpreted as lead-lag"
3711.TW,002156.SZ,1250,0.0,0.0,10,0,0,1,True,0.4488304022695971,1,1246,0.5030150366210866,0.44991105331840026,0.5023771967445179,0.2992480647925537,0.5844521573244135,6,False,False,1,True,False,0.4488304022695971,0.5030150366210866,False,0.6561065695057651,1.0,False,False,0.7468808325755232,False,"robust (intra-Asia, no cross-timezone shift)"
3711.TW,002185.SZ,1250,0.0,0.0,10,0,0,1,True,0.8684304260771217,1,1246,0.35157072853557403,0.8705213500564407,0.35081101735004727,0.48792381720044625,0.4849852537316881,6,False,False,1,True,False,0.8684304260771217,0.35157072853557403,False,0.527356092803361,1.0,False,False,0.6960498229789568,False,"robust (intra-Asia, no cross-timezone shift)"
3711.TW,005930.KS,1250,0.0,8.911787422369986e-10,10,7,2,2,False,2.570748951467094,2,1243,0.07688482213074098,5.162179712680504,0.0756914662294734,1.8529839381443942,0.15720146056837256,6,False,False,7,False,False,1.9180221084368292,0.06336414842701989,False,0.19159969426846096,1.0,False,False,0.3897858364005882,False,"robust (intra-Asia, no cross-timezone shift)"
3711.TW,2330.TW,1250,0.0,6.3567608108805994e-18,10,1,1,1,False,0.05545424430668112,1,1246,0.8138692720592264,0.05558776174883204,0.8136107060415272,0.038889696650775976,0.8436995101096891,6,False,False,1,False,False,0.05545424430668112,0.8138692720592264,False,0.8764746006791669,1.0,False,False,0.9094243011462549,False,"robust (intra-Asia, no cross-timezone shift)"
3711.TW,2449.TW,1250,0.0,0.0,10,2,0,1,True,1.3337913760841003,1,1246,0.24835328106471652,1.3370027517889578,0.2475632313585196,0.7829507059311005,0.3764109411899451,6,False,False,2,False,False,6.683794404467639,0.001296469774654072,True,0.4232333306567847,1.0,False,False,0.606163149378167,False,"robust (intra-Asia, no cross-timezone shift)"
3711.TW,3037.TW,1250,0.0,2.227320134455109e-30,10,0,0,1,True,0.816570969140427,1,1246,0.3663593135959169,0.8185370308638791,0.3656082510938299,0.7355789087186079,0.3912457380634723,6,False,False,1,True,False,0.816570969140427,0.3663593135959169,False,0.5394686624872568,1.0,False,False,0.6204151637616723,False,"robust (intra-Asia, no cross-timezone shift)"
3711.TW,3189.TW,1250,0.0,0.0,10,1,0,1,True,6.04034804894495,1,1246,0.014117924240721528,6.054891423059584,0.013867828142502961,4.239626261620186,0.039698312673815954,6,True,True,1,False,False,6.04034804894495,0.014117924240721528,True,0.054954623914578844,1.0,False,False,0.1611535361033926,False,"robust (intra-Asia, no cross-timezone shift)"
3711.TW,3264.TWO,1250,0.0,7.79526395883989e-27,10,7,1,1,False,22.39571431448874,1,1246,2.4722305073484626e-06,22.449636580093447,2.157263042788675e-06,13.628200142343738,0.0002324429019828908,6,True,True,7,False,False,5.923577538786146,8.600933386705861e-07,True,4.719712786756156e-05,0.0005191684065431771,True,True,0.0040211978298716165,True,"robust (intra-Asia, no cross-timezone shift)"
3711.TW,4062.T,1250,0.0,0.0,10,1,1,1,False,0.16736597266368533,1,1246,0.6825337485082598,0.16776894049513882,0.6821022803653474,0.1464250379643524,0.7020406646562478,6,False,False,1,False,False,0.16736597266368533,0.6825337485082598,False,0.7789787347105138,1.0,False,False,0.8165744128942507,False,"robust (intra-Asia, no cross-timezone shift)"
3711.TW,600584.SS,1250,0.0,0.0,10,0,0,1,True,0.468677569448767,1,1246,0.49372349591385956,0.46980600661437394,0.49307642810510155,0.38410044615662453,0.5355301898936429,6,False,False,1,True,False,0.468677569448767,0.49372349591385956,False,0.649431086152667,1.0,False,False,0.7234417870897372,False,"robust (intra-Asia, no cross-timezone shift)"
3711.TW,6239.TW,1250,0.0,0.0,10,1,1,1,False,24.045500742024153,1,1246,1.0650076027573773e-06,24.103395206090024,9.129918204472938e-07,12.540628489766128,0.0004128902067297863,6,True,True,1,False,False,24.045500742024153,1.0650076027573773e-06,True,2.2365159657904925e-05,0.00022365159657904924,True,True,0.006193353100946795,True,"robust (intra-Asia, no cross-timezone shift)"
3711.TW,8046.TW,1250,0.0,0.0,10,1,0,1,True,6.393859188982336,1,1246,0.011574214404606407,6.409253713514397,0.0113527120774269,3.524637725440391,0.06069649810497975,6,True,False,1,False,False,6.393859188982336,0.011574214404606407,True,0.049603776019741745,1.0,True,False,0.21243774336742913,False,"robust (intra-Asia, no cross-timezone shift)"
3711.TW,AMKR,1250,0.0,7.046795987286572e-14,10,5,1,1,False,29.98914354149435,1,1246,5.250367266621577e-08,30.06134854199554,4.185916706536876e-08,10.646378591082275,0.001132772991888147,6,True,True,5,False,False,8.270037395684787,1.0678881634844073e-07,True,2.756442814976328e-06,1.1025771259905312e-05,True,True,0.011327729918881469,True,"alignment-sensitive, not interpreted as lead-lag"
3711.TW,INTC,1250,0.0,0.0,10,1,0,1,True,9.9313758883156,1,1246,0.0016635652926014254,9.955287708271417,0.0016038805948658953,5.45837845143878,0.019632582970646028,6,True,True,1,False,False,9.9313758883156,0.0016635652926014254,True,0.009441857066116197,0.3493487114462993,True,False,0.10147449510933278,False,"alignment-sensitive, not interpreted as lead-lag"
4062.T,002156.SZ,1250,0.0,0.0,10,2,0,1,True,0.41073868101762373,1,1246,0.5217126704311927,0.41172761845185557,0.5210939344292276,0.3429944702701239,0.5582118930805148,6,False,False,2,False,False,6.285356776445186,0.0019231575309882642,True,0.6639979441851545,1.0,False,False,0.7364004271590224,False,"robust (intra-Asia, no cross-timezone shift)"
4062.T,002185.SZ,1250,0.0,0.0,10,2,0,1,True,4.258889245878793,1,1246,0.03925213418481566,4.26914339334078,0.03881049070188416,3.915098919886688,0.04807411689020158,6,True,True,2,False,False,11.0245969774201,1.7949340547602095e-05,True,0.114485391372379,1.0,False,False,0.1869548990174506,False,"robust (intra-Asia, no cross-timezone shift)"
4062.T,005930.KS,1250,0.0,8.911787422369986e-10,10,7,2,2,False,6.304604197225968,2,1243,0.00188685978567569,12.659929264904278,0.001782096796380664,2.874497037217523,0.0568198211107563,6,True,False,7,False,False,3.9127821281959223,0.0003140277118827124,True,0.010427383026102497,0.39624055499189487,True,False,0.20572693850446244,False,"robust (intra-Asia, no cross-timezone shift)"
4062.T,2330.TW,1250,0.0,6.3567608108805994e-18,10,0,0,1,True,2.0543402852549257,1,1246,0.152023845210842,2.0592865299224736,0.15128098846474702,2.0731872947679557,0.15015913898698147,6,False,False,1,True,False,2.0543402852549257,0.152023845210842,False,0.3011793159837436,1.0,False,False,0.38455389252763544,False,"robust (intra-Asia, no cross-timezone shift)"
4062.T,2449.TW,1250,0.0,0.0,10,2,0,1,True,5.574532517537942,1,1246,0.018376791277310088,5.587954345429285,0.01808440407930741,3.181305141583887,0.07472853897093049,6,True,False,2,False,False,4.7466554688156695,0.00883864992176827,True,0.06770396786377401,1.0,False,False,0.24520301849836562,False,"robust (intra-Asia, no cross-timezone shift)"
4062.T,3037.TW,1250,0.0,2.227320134455109e-30,10,1,1,1,False,12.983444933604092,1,1246,0.00032664115619900834,13.014705234407312,0.0003090544119227834,8.328003675459849,0.003971133366344513,6,True,True,1,False,False,12.983444933604092,0.00032664115619900834,True,0.002365332510406612,0.06859464280179176,True,False,0.02690122603007573,True,"robust (intra-Asia, no cross-timezone shift)"
4062.T,3189.TW,1250,0.0,0.0,10,2,0,1,True,8.705157769036196,1,1246,0.00323240804495515,8.726117217918306,0.0031368379614079627,4.718752585500872,0.030023418725923977,6,True,True,2,False,False,8.509322554334197,0.0002135593457176677,True,0.01616204022477575,0.6788056894405815,True,False,0.1313524569259174,False,"robust (intra-Asia, no cross-timezone shift)"
4062.T,3264.TWO,1250,0.0,7.79526395883989e-27,10,7,0,1,True,8.920596101650878,1,1246,0.0028748358154816085,8.942074262409268,0.0027867608585488424,4.44147078376761,0.03527538463169186,6,True,True,7,False,False,5.62902739616337,2.0757350559216287e-06,True,0.015024268687049348,0.6037155212511378,True,False,0.15118021985010796,False,"robust (intra-Asia, no cross-timezone shift)"
4062.T,3711.TW,1250,0.0,0.0,10,1,1,1,False,17.61343178797879,1,1246,2.89874190215252e-05,17.655839729683397,2.6470129829907447e-05,10.387334561567803,0.0013016890237354645,6,True,True,1,False,False,17.61343178797879,2.89874190215252e-05,True,0.0003043678997260146,0.0060873579945202915,True,True,0.01188498673845424,True,"robust (intra-Asia, no cross-timezone shift)"
4062.T,600584.SS,1250,0.0,0.0,10,2,0,1,True,1.1733712378972023,1,1246,0.2789191926645692,1.1761963692886082,0.27813170167085766,0.9052823588329565,0.3415537768360488,6,False,False,2,False,False,7.719845677563054,0.00046554875179683077,True,0.4505617727658426,1.0,False,False,0.573810345084562,False,"robust (intra-Asia, no cross-timezone shift)"
4062.T,6239.TW,1250,0.0,0.0,10,1,1,1,False,16.344444060184664,1,1246,5.604939084388796e-05,16.38379665423005,5.1725526907805057e-05,10.208977831229813,0.0014326354024056989,6,True,True,1,False,False,16.344444060184664,5.604939084388796e-05,True,0.0005604939084388796,0.011770372077216472,True,True,0.012103299875334138,True,"robust (intra-Asia, no cross-timezone shift)"
4062.T,8046.TW,1250,0.0,0.0,10,1,0,1,True,12.915272865279913,1,1246,0.0003386272636184981,12.946369027876894,0.00032054259990144584,6.637303984052946,0.010100792461021366,6,True,True,1,False,False,12.915272865279913,0.0003386272636184981,True,0.002370390845329487,0.07111172535988461,True,False,0.05732882207606721,False,"robust (intra-Asia, no cross-timezone shift)"
4062.T,AMKR,1250,0.0,7.046795987286572e-14,10,1,1,1,False,40.53294625896826,1,1246,2.7120902830688935e-10,40.63053762235261,1.8390991077922272e-10,17.483361359419433,3.101010469371127e-05,6,True,True,1,False,False,40.53294625896826,2.7120902830688935e-10,True,2.847694797222338e-08,5.6953895944446763e-08,True,True,0.002170707328559789,True,"alignment-sensitive, not interpreted as lead-lag"
4062.T,INTC,1250,0.0,0.0,10,1,1,1,False,24.623697422868414,1,1246,7.934124613315627e-07,24.6829840137742,6.757820054491721e-07,11.00620898192528,0.0009342747555985159,6,True,True,1,False,False,24.623697422868414,7.934124613315627e-07,True,1.8512957431069795e-05,0.00016661661687962815,True,True,0.009809884933784417,True,"alignment-sensitive, not interpreted as lead-lag"
600584.SS,002156.SZ,1250,0.0,0.0,10,0,0,1,True,2.165705264440461,1,1246,0.14137237575224465,2.170919643086786,0.14064210529826335,1.3134098564814491,0.2519982575136669,6,False,False,1,True,False,2.165705264440461,0.14137237575224465,False,0.2854634510381863,1.0,False,False,0.4810875825260913,False,"robust (intra-Asia, no cross-timezone shift)"
600584.SS,002185.SZ,1250,0.0,0.0,10,6,0,1,True,1.8396253469911454,1,1246,0.17524057935539533,1.84405462150236,0.1744764634088405,1.7067799841545668,0.19164478058146947,6,False,False,6,False,False,2.7030499303934747,0.013029439746965982,True,0.32566833331533646,1.0,False,False,0.42037152503142144,False,"robust (intra-Asia, no cross-timezone shift)"
600584.SS,005930.KS,1250,0.0,8.911787422369986e-10,10,10,2,2,False,1.966553332136161,2,1243,0.140373494483,3.9489276886660156,0.13883572985480308,1.3915221639076265,0.2490836003547107,6,False,False,10,False,True,2.5434197936124443,0.004882754708156605,True,0.2854634510381863,1.0,False,False,0.47988583554577285,False,"robust (intra-Asia, no cross-timezone shift)"
600584.SS,2330.TW,1250,0.0,6.3567608108805994e-18,10,0,0,1,True,2.87999232224103,1,1246,0.08993619152665779,2.886926493161353,0.08930113709186376,2.8833635827149657,0.08974857760487873,6,False,False,1,True,False,2.87999232224103,0.08993619152665779,False,0.21220899124267567,1.0,False,False,0.27259846740267923,False,"robust (intra-Asia, no cross-timezone shift)"
600584.SS,2449.TW,1250,0.0,0.0,10,0,0,1,True,1.46033194387729,1,1246,0.2271066000570544,1.4638479918962561,0.22631885606232838,1.0969941215009205,0.2951298411610406,6,False,False,1,True,False,1.46033194387729,0.2271066000570544,False,0.4111412587239778,1.0,False,False,0.516477222031821,False,"robust (intra-Asia, no cross-timezone shift)"
600584.SS,3037.TW,1250,0.0,2.227320134455109e-30,10,0,0,1,True,1.939017407002235,1,1246,0.1640237002330317,1.943685988238998,0.16326887355509412,1.2586972693293614,0.26211397891239163,6,False,False,1,True,False,1.939017407002235,0.1640237002330317,False,0.31031510854897887,1.0,False,False,0.49436401308063277,False,"robust (intra-Asia, no cross-timezone shift)"
600584.SS,3189.TW,1250,0.0,0.0,10,1,0,1,True,7.3827638848799655,1,1246,0.006676404900713864,7.400539399851587,0.006520432246322522,4.966959106238025,0.026013861800564263,6,True,True,1,False,False,7.3827638848799655,0.006676404900713864,True,0.029830745301061945,1.0,True,False,0.12415706768451125,False,"robust (intra-Asia, no cross-timezone shift)"
600584.SS,3264.TWO,1250,0.0,7.79526395883989e-27,10,5,0,1,True,4.394993727051204,1,1246,0.03624583725042255,4.405575573906062,0.035821634690194996,2.974550993952035,0.0848315891872456,6,True,False,5,False,False,1.6298772541770998,0.1490851032543236,False,0.10720599750124978,1.0,False,False,0.2658900556615161,False,"robust (intra-Asia, no cross-timezone shift)"
600584.SS,3711.TW,1250,0.0,0.0,10,0,0,1,True,4.750474468560988,1,1246,0.02947695259982916,4.761912208051905,0.02909620587309665,4.012655137550496,0.04537623969699431,6,True,True,1,True,False,4.750474468560988,0.02947695259982916,True,0.09523323147637112,1.0,False,False,0.1797926478560152,False,"robust (intra-Asia, no cross-timezone shift)"
600584.SS,4062.T,1250,0.0,0.0,10,2,0,1,True,0.14011718034088685,1,1246,0.7082282385957805,0.14045454112822447,0.7078295544468918,0.11067340763457766,0.7394347310997476,6,False,False,2,False,False,0.20749751705099356,0.8126434011653382,False,0.7990148037599774,1.0,False,False,0.8348456641448763,False,"robust (intra-Asia, no cross-timezone shift)"
600584.SS,6239.TW,1250,0.0,0.0,10,0,0,1,True,6.226077847470183,1,1246,0.012716824032096999,6.241068404085279,0.012482115423438172,4.230793282714982,0.03990468513036388,6,True,True,1,True,False,6.226077847470183,0.012716824032096999,True,0.051644742497787506,1.0,False,False,0.1611535361033926,False,"robust (intra-Asia, no cross-timezone shift)"
600584.SS,8046.TW,1250,0.0,0.0,10,0,0,1,True,2.9684744727177796,1,1246,0.08514999768116727,2.9756216825236814,0.08452764580870546,1.8862860994703143,0.16986847633938046,6,False,False,1,True,False,2.9684744727177796,0.08514999768116727,False,0.2031988581027855,1.0,False,False,0.3963597781252211,False,"robust (intra-Asia, no cross-timezone shift)"
600584.SS,AMKR,1250,0.0,7.046795987286572e-14,10,2,1,1,False,26.767027074087594,1,1246,2.6725249398876507e-07,26.831474169771596,2.219922249868632e-07,22.333802535573057,2.5517720512480598e-06,6,True,True,2,False,False,15.187477514138502,3.0441329880911314e-07,True,8.017574819662953e-06,5.612302373764066e-05,True,True,0.00046961452318654805,True,"alignment-sensitive, not interpreted as lead-lag"
600584.SS,INTC,1250,0.0,0.0,10,2,0,1,True,19.63758015327558,1,1246,1.0183799609790606e-05,19.684861646421503,9.132194676059458e-06,13.498155711503042,0.0002489312942301477,6,True,True,2,False,False,10.242257112864094,3.8734598369115865e-05,True,0.00012579987753270748,0.0021385979180560274,True,True,0.0040211978298716165,True,"alignment-sensitive, not interpreted as lead-lag"
6239.TW,002156.SZ,1250,0.0,0.0,10,0,0,1,True,0.6330082700618553,1,1246,0.426405542704674,0.6345323670202707,0.425697669438307,0.45481119761569666,0.5001841046459602,6,False,False,1,True,False,0.6330082700618553,0.426405542704674,False,0.5891129208419839,1.0,False,False,0.7002577465043442,False,"robust (intra-Asia, no cross-timezone shift)"
6239.TW,002185.SZ,1250,0.0,0.0,10,0,0,1,True,0.3191341556808241,1,1246,0.5722301415051625,0.319902536472993,0.5716662228451752,0.21790405360786444,0.640723194896389,6,False,False,1,True,False,0.3191341556808241,0.5722301415051625,False,0.7068725277416713,1.0,False,False,0.7906265084686775,False,"robust (intra-Asia, no cross-timezone shift)"
6239.TW,005930.KS,1250,0.0,8.911787422369986e-10,10,2,2,2,False,2.0459940447596403,2,1243,0.12968670676851946,4.108448218600211,0.12819226018370553,1.1817894087059004,0.3070737789542253,6,False,False,2,False,False,2.0459940447596403,0.12968670676851946,False,0.2723420842138909,1.0,False,False,0.5287406158831869,False,"robust (intra-Asia, no cross-timezone shift)"
6239.TW,2330.TW,1250,0.0,6.3567608108805994e-18,10,1,1,1,False,1.9744926256554765,1,1246,0.16022106784882617,1.9792466207413244,0.15946979620934743,1.7759375575988425,0.18289260732998283,6,False,False,1,False,False,1.9744926256554765,0.16022106784882617,False,0.31015484306374963,1.0,False,False,0.40868965691628895,False,"robust (intra-Asia, no cross-timezone shift)"
6239.TW,2449.TW,1250,0.0,0.0,10,2,0,1,True,0.5489082916672228,1,1246,0.45890370549077253,0.5502299007161808,0.45822377204789466,0.4287811440702568,0.5127084866718266,6,False,False,2,False,False,2.6995260468519366,0.06763158411779013,False,0.6177549881606553,1.0,False,False,0.7037175307260365,False,"robust (intra-Asia, no cross-timezone shift)"
6239.TW,3037.TW,1250,0.0,2.227320134455109e-30,10,1,0,1,True,0.5937816009612261,1,1246,0.4411065929356808,0.5952112516858519,0.44041100575411674,0.482855139829486,0.487261448583185,6,False,False,1,False,False,0.5937816009612261,0.4411065929356808,False,0.6054404216764246,1.0,False,False,0.6960498229789568,False,"robust (intra-Asia, no cross-timezone shift)"
6239.TW,3189.TW,1250,0.0,0.0,10,0,0,1,True,3.1455766375254766,1,1246,0.07637729543713262,3.153150257037978,0.07578053082303735,1.5914017678894328,0.20736209045264345,6,False,False,1,True,False,3.1455766375254766,0.07637729543713262,False,0.19159969426846096,1.0,False,False,0.4337071589622034,False,"robust (intra-Asia, no cross-timezone shift)"
6239.TW,3264.TWO,1250,0.0,7.79526395883989e-27,10,7,0,1,True,9.585087229697693,1,1246,0.0020054078824446268,9.608165288838217,0.0019371408476190743,6.134569092337258,0.013388307866316486,6,True,True,7,False,False,4.188325936398879,0.00014271953962491124,True,0.010798350136240297,0.4211356553133716,True,False,0.07398801715595953,False,"robust (intra-Asia, no cross-timezone shift)"
6239.TW,3711.TW,1250,0.0,0.0,10,1,1,1,False,4.230383570857035,1,1246,0.03991428489289957,4.240569085072582,0.03946893508176642,2.9476820025857733,0.08624934763579423,6,True,False,1,False,False,4.230383570857035,0.03991428489289957,True,0.11482191544532754,1.0,False,False,0.2663582794634822,False,"robust (intra-Asia, no cross-timezone shift)"
6239.TW,4062.T,1250,0.0,0.0,10,1,1,1,False,1.8492576035632902,1,1246,0.1741157689066795,1.853710069703491,0.1733525071390438,1.1325217426246754,0.2874442736322562,6,False,False,1,False,False,1.8492576035632902,0.1741157689066795,False,0.32566833331533646,1.0,False,False,0.507254600527511,False,"robust (intra-Asia, no cross-timezone shift)"
6239.TW,600584.SS,1250,0.0,0.0,10,0,0,1,True,0.354887808017786,1,1246,0.5514674068592477,0.3557422730451162,0.550880429855054,0.23849820779133948,0.6253788309072409,6,False,False,1,True,False,0.354887808017786,0.5514674068592477,False,0.6934620086254013,1.0,False,False,0.7817235386340511,False,"robust (intra-Asia, no cross-timezone shift)"
6239.TW,8046.TW,1250,0.0,0.0,10,0,0,1,True,2.682726467690508,1,1246,0.10169440177117611,2.689185680694578,0.10103143475904532,1.7755748995227794,0.1829372750006246,6,False,False,1,True,False,2.682726467690508,0.10169440177117611,False,0.2271896209781594,1.0,False,False,0.40868965691628895,False,"robust (intra-Asia, no cross-timezone shift)"
6239.TW,AMKR,1250,0.0,7.046795987286572e-14,10,1,1,1,False,24.749752482412102,1,1246,7.441261858880618e-07,24.80934257667152,6.328996983694932e-07,11.239115750198035,0.0008249487838465178,6,True,True,1,False,False,24.749752482412102,7.441261858880618e-07,True,1.8512957431069795e-05,0.00015626649903649297,True,True,0.009495600513756548,True,"alignment-sensitive, not interpreted as lead-lag"
6239.TW,INTC,1250,0.0,0.0,10,1,0,1,True,13.731423797647887,1,1246,0.00022014301824214172,13.764485010643828,0.00020721677290286836,6.683670493204102,0.009842759407334674,6,True,True,1,False,False,13.731423797647887,0.00022014301824214172,True,0.001651072636816063,0.04623003383084976,True,True,0.05732882207606721,False,"alignment-sensitive, not interpreted as lead-lag"
8046.TW,002156.SZ,1250,0.0,0.0,10,0,0,1,True,3.0044878218203444,1,1246,0.08328160454204424,3.0117217411345183,0.0826644429520542,2.7234852170272963,0.09913392037777835,6,False,False,1,True,False,3.0044878218203444,0.08328160454204424,False,0.20102456268769298,1.0,False,False,0.2891406011018535,False,"robust (intra-Asia, no cross-timezone shift)"
8046.TW,002185.SZ,1250,0.0,0.0,10,0,0,1,True,4.133787215455824,1,1246,0.042246783350255425,4.143740154176825,0.041788740925462024,2.509489220221609,0.11341636230632347,6,True,False,1,True,False,4.133787215455824,0.042246783350255425,True,0.1171656919033349,1.0,False,False,0.3093173517445186,False,"robust (intra-Asia, no cross-timezone shift)"
8046.TW,005930.KS,1250,0.0,8.911787422369986e-10,10,2,2,2,False,0.3404679423210008,2,1243,0.7115036585862655,0.6836749670420097,0.7104636573794937,0.2479217774595352,0.7804595691972724,6,False,False,2,False,False,0.3404679423210008,0.7115036585862655,False,0.7990148037599774,1.0,False,False,0.8717899443161021,False,"robust (intra-Asia, no cross-timezone shift)"
8046.TW,2330.TW,1250,0.0,6.3567608108805994e-18,10,2,0,1,True,0.4381445181998574,1,1246,0.5081417757969546,0.4391994407958442,0.507509104467108,0.4562184795834647,0.4995219218709528,6,False,False,2,False,False,0.8052931332142992,0.44718993495904213,False,0.6587023019590152,1.0,False,False,0.7002577465043442,False,"robust (intra-Asia, no cross-timezone shift)"
8046.TW,2449.TW,1250,0.0,0.0,10,0,0,1,True,0.2631515613329662,1,1246,0.6080541436886047,0.26378515257213064,0.6075315484836723,0.17632895125809728,0.6746196459018736,6,False,False,1,True,False,0.2631515613329662,0.6080541436886047,False,0.7338584492793504,1.0,False,False,0.8141961243643302,False,"robust (intra-Asia, no cross-timezone shift)"
8046.TW,3037.TW,1250,0.0,2.227320134455109e-30,10,1,0,1,True,0.26910249257472063,1,1246,0.6040265786002096,0.26975041189873683,0.603499247222743,0.22758182238542957,0.6334063550749836,6,False,False,1,False,False,0.26910249257472063,0.6040265786002096,False,0.7332114537921619,1.0,False,False,0.7870729855961334,False,"robust (intra-Asia, no cross-timezone shift)"
8046.TW,3189.TW,1250,0.0,0.0,10,1,0,1,True,2.0272155846075752,1,1246,0.15475380871292588,2.032096521007112,0.15400803208132413,1.952959137409201,0.1625171044179244,6,False,False,1,False,False,2.0272155846075752,0.15475380871292588,False,0.30372242831508817,1.0,False,False,0.3897858364005882,False,"robust (intra-Asia, no cross-timezone shift)"
8046.TW,3264.TWO,1250,0.0,7.79526395883989e-27,10,5,0,1,True,1.3533156833006281,1,1246,0.24492203036289714,1.3565740677708544,0.2441321090916625,0.8737658711936075,0.3500959773762634,6,False,False,5,False,False,2.1815524938185056,0.05395655011539337,False,0.4232333306567847,1.0,False,False,0.5788988602284671,False,"robust (intra-Asia, no cross-timezone shift)"
8046.TW,3711.TW,1250,0.0,0.0,10,1,0,1,True,3.157774425849364,1,1246,0.07581004812429791,3.165377414033592,0.0752150492091814,2.588011156337763,0.10792878831719425,6,False,False,1,False,False,3.157774425849364,0.07581004812429791,False,0.19159969426846096,1.0,False,False,0.3022006072881439,False,"robust (intra-Asia, no cross-timezone shift)"
8046.TW,4062.T,1250,0.0,0.0,10,1,0,1,True,0.007643414539429689,1,1246,0.9303464555314185,0.007661817624195571,0.9302488023597745,0.0057931013362477555,0.939341873276604,6,False,False,1,False,False,0.007643414539429689,0.9303464555314185,False,0.9530378324955995,1.0,False,False,0.9622526506735943,False,"robust (intra-Asia, no cross-timezone shift)"
8046.TW,600584.SS,1250,0.0,0.0,10,0,0,1,True,1.304474796103835,1,1246,0.25361689535494863,1.3076155861426084,0.25282682064255685,0.7773256427439914,0.37813034556447556,6,False,False,1,True,False,1.304474796103835,0.25361689535494863,False,0.4260763841963137,1.0,False,False,0.606163149378167,False,"robust (intra-Asia, no cross-timezone shift)"
8046.TW,6239.TW,1250,0.0,0.0,10,0,0,1,True,0.08366085340888599,1,1246,0.7724444182576156,0.0838622840350711,0.7721300292425202,0.05063060478984035,0.8220064811956072,6,False,False,1,True,False,0.08366085340888599,0.7724444182576156,False,0.8492844389219857,1.0,False,False,0.8990695888076954,False,"robust (intra-Asia, no cross-timezone shift)"
8046.TW,AMKR,1250,0.0,7.046795987286572e-14,10,1,1,1,False,28.17794114932353,1,1246,1.3089851497051097e-07,28.245785309394133,1.0684702878210312e-07,15.011635758133353,0.00011240882300167385,6,True,True,1,False,False,28.17794114932353,1.3089851497051097e-07,True,5.497737628761461e-06,2.7488688143807303e-05,True,True,0.0027359751921620028,True,"alignment-sensitive, not interpreted as lead-lag"
8046.TW,INTC,1250,0.0,0.0,10,1,0,1,True,11.304766692356603,1,1246,0.0007965391119939781,11.3319852317443,0.000761834133254845,8.74875010975644,0.0031565732398281927,6,True,True,1,False,False,11.304766692356603,0.0007965391119939781,True,0.005068885258143497,0.1672732135187354,True,False,0.023674299298711444,True,"alignment-sensitive, not interpreted as lead-lag"
AMKR,002156.SZ,1250,7.046795987286572e-14,0.0,10,2,0,1,True,2.2617892294459905,1,1246,0.13285419579774682,2.2672349499021207,0.1321354660625193,1.5713530363336556,0.21024578283404569,6,False,False,2,False,False,3.0652444193368233,0.04699517825100138,True,0.27423618927972804,1.0,False,False,0.4337071589622034,False,"alignment-sensitive, not interpreted as lead-lag"
AMKR,002185.SZ,1250,7.046795987286572e-14,0.0,10,2,0,1,True,3.0596203618802553,1,1246,0.08050662639232069,3.066987024067768,0.07989742630924086,1.5883428109595772,0.20779903075640213,6,False,False,2,False,False,4.175292899192864,0.015586807401587244,True,0.19658594816729472,1.0,False,False,0.4337071589622034,False,"alignment-sensitive, not interpreted as lead-lag"
AMKR,005930.KS,1250,7.046795987286572e-14,8.911787422369986e-10,10,10,2,2,False,1.2075099395672453,2,1243,0.29929115299286874,2.424734359742433,0.2974922276537878,0.6703138097351488,0.5117328391485962,6,False,False,10,False,True,1.2795506800382141,0.23678711888348297,False,0.4725649784097928,1.0,False,False,0.7037175307260365,False,"alignment-sensitive, not interpreted as lead-lag"
AMKR,2330.TW,1250,7.046795987286572e-14,6.3567608108805994e-18,10,1,1,1,False,2.059209650594388,1,1246,0.15153957334080115,2.0641676192555303,0.15079724715353418,2.155267948043163,0.1423340403249205,6,False,False,1,False,False,2.059209650594388,0.15153957334080115,False,0.3011793159837436,1.0,False,False,0.3690141786201642,False,"alignment-sensitive, not interpreted as lead-lag"
AMKR,2449.TW,1250,7.046795987286572e-14,0.0,10,6,0,1,True,4.626839783306692,1,1246,0.03166729986059295,4.637979846990415,0.031271793236994146,3.54801967685319,0.05984927061979298,6,True,False,6,False,False,3.3012746572756684,0.0031544537573648993,True,0.09952969373374011,1.0,False,False,0.21243774336742913,False,"alignment-sensitive, not interpreted as lead-lag"
AMKR,3037.TW,1250,7.046795987286572e-14,2.227320134455109e-30,10,1,1,1,False,0.11400014587540581,1,1246,0.7356920629057542,0.11427462455728882,0.735329050963065,0.09212705242770818,0.7615409397397518,6,False,False,1,False,False,0.11400014587540581,0.7356920629057542,False,0.8201684034303942,1.0,False,False,0.8552064029162989,False,"alignment-sensitive, not interpreted as lead-lag"
AMKR,3189.TW,1250,7.046795987286572e-14,0.0,10,1,1,1,False,1.2546949991996978,1,1246,0.262873509092464,1.2577159341897453,0.262083876269677,1.1364584900757484,0.28660843287649673,6,False,False,1,False,False,1.2546949991996978,0.262873509092464,False,0.4312768508548237,1.0,False,False,0.507254600527511,False,"alignment-sensitive, not interpreted as lead-lag"
AMKR,3264.TWO,1250,7.046795987286572e-14,7.79526395883989e-27,10,5,1,1,False,14.36216786684883,1,1246,0.0001580074695721,14.396747725276235,0.00014805780007388133,14.088730772918646,0.00018241643219800823,6,True,True,5,False,False,3.685650440720695,0.0025773361782521894,True,0.0013638143335660952,0.033181568610141,True,True,0.003830745076158173,True,"alignment-sensitive, not interpreted as lead-lag"
AMKR,3711.TW,1250,7.046795987286572e-14,0.0,10,5,1,1,False,1.3655202588732978,1,1246,0.24280658343456665,1.3688080283569413,0.2420167865142556,1.3824581847694501,0.23990747915877197,6,False,False,5,False,False,0.9219939711081224,0.46570012641033653,False,0.4232333306567847,1.0,False,False,0.46648676503094555,False,"alignment-sensitive, not interpreted as lead-lag"
AMKR,4062.T,1250,7.046795987286572e-14,0.0,10,1,1,1,False,0.2367259916690534,1,1246,0.6266664070622487,0.23729595794112976,0.6261659742297414,0.2139161665645108,0.6437958711816374,6,False,False,1,False,False,0.2367259916690534,0.6266664070622487,False,0.7477269629720014,1.0,False,False,0.7906265084686775,False,"alignment-sensitive, not interpreted as lead-lag"
AMKR,600584.SS,1250,7.046795987286572e-14,0.0,10,2,1,1,False,4.127526643680116,1,1246,0.042402821831683105,4.13746450879331,0.041943949826156755,2.599198697432775,0.10717100232397991,6,True,False,2,False,False,5.544139700346445,0.004007621653542738,True,0.1171656919033349,1.0,False,False,0.3022006072881439,False,"alignment-sensitive, not interpreted as lead-lag"
AMKR,6239.TW,1250,7.046795987286572e-14,0.0,10,1,1,1,False,3.2206587821103994,1,1246,0.0729566789213219,3.228413177251917,0.07237078209310838,2.536032414749471,0.1115277215670663,6,False,False,1,False,False,3.2206587821103994,0.0729566789213219,False,0.19151128216847002,1.0,False,False,0.30816870433005167,False,"alignment-sensitive, not interpreted as lead-lag"
AMKR,8046.TW,1250,7.046795987286572e-14,0.0,10,1,1,1,False,0.36647932191683447,1,1246,0.5450398643777157,0.36736169588613665,0.5444458937857666,0.2793754701057497,0.5972049792431924,6,False,False,1,False,False,0.36647932191683447,0.5450398643777157,False,0.68950826216458,1.0,False,False,0.7509763212040144,False,"alignment-sensitive, not interpreted as lead-lag"
AMKR,INTC,1250,7.046795987286572e-14,0.0,10,0,0,1,True,0.6377735858656933,1,1246,0.424670355342714,0.6393091562971517,0.42396107242076064,0.5403330383494322,0.46243306435048237,6,False,False,1,True,False,0.6377735858656933,0.424670355342714,False,0.5891129208419839,1.0,False,False,0.6860768949414843,False,"alignment-sensitive, not interpreted as lead-lag"
INTC,002156.SZ,1250,0.0,0.0,10,1,0,1,True,0.0018604399327338658,1,1246,0.9656025699879006,0.0018649193226200629,0.9655542920339251,0.0016568138176799182,0.9675384113159018,6,False,False,1,False,False,0.0018604399327338658,0.9656025699879006,False,0.9748872100839381,1.0,False,False,0.9768416652708624,False,"alignment-sensitive, not interpreted as lead-lag"
INTC,002185.SZ,1250,0.0,0.0,10,1,0,1,True,0.5081091639246808,1,1246,0.4760919984805738,0.5093325407238573,0.47542793691869933,0.3747951411390629,0.540513736569044,6,False,False,1,False,False,0.5081091639246808,0.4760919984805738,False,0.6368109533816593,1.0,False,False,0.7234417870897372,False,"alignment-sensitive, not interpreted as lead-lag"
INTC,005930.KS,1250,0.0,8.911787422369986e-10,10,10,2,2,False,4.438820569220941,2,1243,0.011997651316041379,8.913351682039798,0.011600862374313058,2.4912120083214746,0.08322292396462248,6,True,False,10,False,True,2.1103712907022705,0.021152079029579135,True,0.05039013552737379,1.0,False,False,0.26480021261470793,False,"alignment-sensitive, not interpreted as lead-lag"
INTC,2330.TW,1250,0.0,6.3567608108805994e-18,10,1,0,1,True,1.0128838764626302,1,1246,0.3144083430075215,1.0153226016868582,0.3136310763359228,0.5837550369264476,0.44498887403574083,6,False,False,1,False,False,1.0128838764626302,0.3144083430075215,False,0.4890796446783668,1.0,False,False,0.6771569822283012,False,"alignment-sensitive, not interpreted as lead-lag"
INTC,2449.TW,1250,0.0,0.0,10,2,0,1,True,0.1880952766646139,1,1246,0.6645817296963489,0.1885481545378032,0.6641277327131726,0.14104706657156477,0.7073062223950497,6,False,False,2,False,False,2.4961637693677172,0.08281348133119121,False,0.7626347717826955,1.0,False,False,0.8165744128942507,False,"alignment-sensitive, not interpreted as lead-lag"
INTC,3037.TW,1250,0.0,2.227320134455109e-30,10,1,0,1,True,1.325046529924269,1,1246,0.24990920476876813,1.328236850622321,0.24911912622560295,1.2220283371175489,0.269176359844378,6,False,False,1,False,False,1.325046529924269,0.24990920476876813,False,0.4232333306567847,1.0,False,False,0.49474958973505784,False,"alignment-sensitive, not interpreted as lead-lag"
INTC,3189.TW,1250,0.0,0.0,10,1,0,1,True,3.147084578741957,1,1246,0.07630692314513426,3.1546618289315447,0.07571037680942025,2.8196045664431417,0.09337005893761499,6,False,False,1,False,False,3.147084578741957,0.07630692314513426,False,0.19159969426846096,1.0,False,False,0.27616496305491756,False,"alignment-sensitive, not interpreted as lead-lag"
INTC,3264.TWO,1250,0.0,7.79526395883989e-27,10,5,0,1,True,6.216114401205344,1,1246,0.012788221951833097,6.23108096878449,0.012552708581194337,4.98191261156268,0.02579086643403385,6,True,True,5,False,False,3.069911546970723,0.009255872567837697,True,0.051644742497787506,1.0,False,False,0.12415706768451125,False,"alignment-sensitive, not interpreted as lead-lag"
INTC,3711.TW,1250,0.0,0.0,10,1,0,1,True,0.27613350836192746,1,1246,0.5993402217655155,0.2767983562953832,0.5988074072420552,0.1766667840407531,0.6743260155298945,6,False,False,1,False,False,0.27613350836192746,0.5993402217655155,False,0.7317525963416178,1.0,False,False,0.8141961243643302,False,"alignment-sensitive, not interpreted as lead-lag"
INTC,4062.T,1250,0.0,0.0,10,1,1,1,False,4.776145843247718,1,1246,0.02904231621019318,4.787645391826967,0.02866458587244098,3.6940619207309053,0.05483431165015724,6,True,False,1,False,False,4.776145843247718,0.02904231621019318,True,0.09523323147637112,1.0,False,False,0.20562866868808966,False,"alignment-sensitive, not interpreted as lead-lag"
INTC,600584.SS,1250,0.0,0.0,10,2,0,1,True,0.01782779207865492,1,1246,0.8938031119669411,0.01787071613662921,0.8936545154665629,0.017390691106369007,0.8951054268277239,6,False,False,2,False,False,4.294130986674105,0.013851465453201785,True,0.9292012550151367,1.0,False,False,0.9305551467020892,False,"alignment-sensitive, not interpreted as lead-lag"
INTC,6239.TW,1250,0.0,0.0,10,1,0,1,True,0.7496283184071165,1,1246,0.38676060881009167,0.7514332019987869,0.3860228495729364,0.5289489719918269,0.4671856951268203,6,False,False,1,False,False,0.7496283184071165,0.38676060881009167,False,0.5562995058227346,1.0,False,False,0.6860768949414843,False,"alignment-sensitive, not interpreted as lead-lag"
INTC,8046.TW,1250,0.0,0.0,10,1,0,1,True,1.6436476337820054,1,1246,0.20006421868667257,1.6476050518408707,0.19928521002103616,1.5685153811390704,0.2106577629244988,6,False,False,1,False,False,1.6436476337820054,0.20006421868667257,False,0.3653346602104455,1.0,False,False,0.4337071589622034,False,"alignment-sensitive, not interpreted as lead-lag"
INTC,AMKR,1250,0.0,7.046795987286572e-14,10,0,0,1,True,0.002382986906465385,1,1246,0.9610738766449983,0.0023887244351326374,0.961019247967852,0.0018079001115515803,0.9660914522370951,6,False,False,1,True,False,0.002382986906465385,0.9610738766449983,False,0.9748872100839381,1.0,False,False,0.9768416652708624,False,"alignment-sensitive, not interpreted as lead-lag"
