alignment,cause,effect,n,lag,F,p,hac_F,hac_p
A_plus1bday (headline),2330.TW,AMKR,1250,1,21.660748553490247,3.6015417556692993e-06,15.770339717412927,7.560680644439426e-05
A_plus1bday (headline),AMKR,2330.TW,1250,1,2.0592096505945343,0.15153957334074047,2.1784747478073623,0.1402057587450569
A_plus1bday (headline),3711.TW,AMKR,1250,1,29.98914354149466,5.2503672666203456e-08,10.7241861011205,0.0010865090221892015
A_plus1bday (headline),AMKR,3711.TW,1250,1,1.365520258873462,0.24280658343456665,1.374943131105637,0.24118852708617952
A_plus1bday (headline),6239.TW,AMKR,1250,1,24.749752482412422,7.441261858879031e-07,11.222104923173063,0.0008324758982866693
A_plus1bday (headline),AMKR,6239.TW,1250,1,3.22065878211039,0.0729566789213219,2.511134859703328,0.11329824928004854
A_plus1bday (headline),2449.TW,AMKR,1250,1,21.316351474010432,4.296948626994699e-06,11.23275242661518,0.0008277563902435019
A_plus1bday (headline),AMKR,2449.TW,1250,1,4.62683978330668,0.03166729986059295,3.5934918528316153,0.05823746339373962
A_plus1bday (headline),3264.TWO,AMKR,1250,1,18.792528698298796,1.5748060298848318e-05,7.166852770701203,0.007523809666489686
A_plus1bday (headline),AMKR,3264.TWO,1250,1,14.362167866848793,0.0001580074695721,14.094471020282459,0.0001818668241258055
A_plus1bday (headline),3037.TW,AMKR,1250,1,35.19161191797259,3.8662942711722155e-09,15.17583504763563,0.00010315229497784477
A_plus1bday (headline),AMKR,3037.TW,1250,1,0.1140001458757514,0.7356920629055999,0.09336607406168455,0.7599917649888728
A_plus1bday (headline),8046.TW,AMKR,1250,1,28.17794114932366,1.3089851497049911e-07,14.894042007172928,0.00011954862296652551
A_plus1bday (headline),AMKR,8046.TW,1250,1,0.3664793219166655,0.5450398643778674,0.2803248735794927,0.5965826782272905
A_plus1bday (headline),3189.TW,AMKR,1250,1,27.28774075726626,2.0531453571412648e-07,10.959150412486828,0.0009580872195971589
A_plus1bday (headline),AMKR,3189.TW,1250,1,1.2546949991998682,0.2628735090924393,1.1964391919835824,0.2742459451667576
A_plus1bday (headline),600584.SS,AMKR,1250,1,26.767027074087544,2.6725249398876507e-07,22.16043339133013,2.7884621134371657e-06
A_plus1bday (headline),AMKR,600584.SS,1250,1,4.127526643680106,0.042402821831683105,2.5938496506444078,0.10753258697634495
A_plus1bday (headline),002156.SZ,AMKR,1250,1,21.697739450264727,3.5339251229312077e-06,14.704336176648104,0.00013204361259778729
A_plus1bday (headline),AMKR,002156.SZ,1250,1,2.261789229445986,0.13285419579774682,1.5898562826242635,0.20758271098459402
A_plus1bday (headline),002185.SZ,AMKR,1250,1,10.667390163602521,0.0011200863561515416,10.04838409410367,0.0015619461678588722
A_plus1bday (headline),AMKR,002185.SZ,1250,1,3.0596203618804108,0.08050662639230917,1.5821292401071212,0.20868993471303673
A_plus1bday (headline),005930.KS,AMKR,1250,2,25.054423431014502,2.150811692242627e-11,12.75706525418127,3.2792284709534906e-06
A_plus1bday (headline),AMKR,005930.KS,1250,2,1.2075099395672426,0.29929115299286874,0.6776628513001423,0.5079899225178239
A_plus1bday (headline),4062.T,AMKR,1250,1,40.53294625896837,2.71209028306872e-10,17.816110758595435,2.6096893229430077e-05
A_plus1bday (headline),AMKR,4062.T,1250,1,0.23672599166872452,0.6266664070626518,0.2158896442630314,0.6422709888388256
A_plus1bday (headline),2330.TW,INTC,1250,1,6.038681862871227,0.014131189006605987,3.755335620543494,0.05286492295623976
A_plus1bday (headline),INTC,2330.TW,1250,1,1.0128838764627803,0.3144083430074898,0.5943114745229707,0.44090288092688823
A_plus1bday (headline),3711.TW,INTC,1250,1,9.931375888315792,0.00166356529260131,5.672693540731996,0.017380388862609623
A_plus1bday (headline),INTC,3711.TW,1250,1,0.2761335083620945,0.599340221765424,0.17615547215616534,0.6747705554174315
A_plus1bday (headline),6239.TW,INTC,1250,1,13.731423797648072,0.00022014301824212413,6.616636401931573,0.010218036524195067
A_plus1bday (headline),INTC,6239.TW,1250,1,0.7496283184071145,0.38676060881009167,0.5194463293648314,0.47121315059106983
A_plus1bday (headline),2449.TW,INTC,1250,1,8.883561194230387,0.0029333096008052712,4.800051577561852,0.02864358081287549
A_plus1bday (headline),INTC,2449.TW,1250,1,0.18809527666461343,0.6645817296963489,0.1420953245909428,0.706270985427667
A_plus1bday (headline),3264.TWO,INTC,1250,1,2.761608012286489,0.09680268985317626,1.7018598880442046,0.1922858262831426
A_plus1bday (headline),INTC,3264.TWO,1250,1,6.216114401205486,0.012788221951831744,4.949220061068322,0.026281000449235665
A_plus1bday (headline),3037.TW,INTC,1250,1,14.947913492853692,0.00011622271357162407,9.24149124408512,0.0024152694643693696
A_plus1bday (headline),INTC,3037.TW,1250,1,1.3250465299244396,0.24990920476870598,1.2653384314325755,0.2608596532144968
A_plus1bday (headline),8046.TW,INTC,1250,1,11.304766692356793,0.0007965391119939781,9.032320143509923,0.0027055177246259462
A_plus1bday (headline),INTC,8046.TW,1250,1,1.6436476337820025,0.20006421868667257,1.6062317223426006,0.20525912441049599
A_plus1bday (headline),3189.TW,INTC,1250,1,6.547256318511878,0.010621938971607969,4.230716707143032,0.03990647915159334
A_plus1bday (headline),INTC,3189.TW,1250,1,3.147084578742124,0.07630692314511447,2.9426299503703697,0.08651877786695414
A_plus1bday (headline),600584.SS,INTC,1250,1,19.63758015327554,1.0183799609790606e-05,13.659547681934173,0.00022863599842675746
A_plus1bday (headline),INTC,600584.SS,1250,1,0.01782779207893115,0.8938031119661219,0.01743022667111234,0.8949869530608828
A_plus1bday (headline),002156.SZ,INTC,1250,1,11.334961788722206,0.000783806981881179,8.204862922663326,0.00424789906825482
A_plus1bday (headline),INTC,002156.SZ,1250,1,0.0018604399327338621,0.9656025699879006,0.001643790844721109,0.9676661709050972
A_plus1bday (headline),002185.SZ,INTC,1250,1,14.310430103340584,0.00016235884923405895,13.952045169018268,0.00019601035658835787
A_plus1bday (headline),INTC,002185.SZ,1250,1,0.5081091639246794,0.4760919984805738,0.37271280295962267,0.5416405946601579
A_plus1bday (headline),005930.KS,INTC,1250,2,11.409805869146087,1.2294766619598473e-05,7.19113739952435,0.0007849797690350246
A_plus1bday (headline),INTC,005930.KS,1250,2,4.438820569220836,0.01199765131604251,2.406757676514524,0.09052677732630926
A_plus1bday (headline),4062.T,INTC,1250,1,24.623697422868155,7.934124613316741e-07,11.102439135179065,0.0008874290940188701
A_plus1bday (headline),INTC,4062.T,1250,1,4.77614584324738,0.0290423162101999,3.7570131443932864,0.0528120724441109
A_plus1bday (headline),AMKR,INTC,1250,1,0.6377735858658993,0.42467035534266395,0.5504411937507709,0.45827730109119635
A_plus1bday (headline),INTC,AMKR,1250,1,0.0023829869068232234,0.9610738766416115,0.001821837803204296,0.9659610762723763
B_minus1bday (reverse placebo),2330.TW,AMKR,1250,2,0.5646215026297458,0.5687210656177248,0.307897627465666,0.7350465967894451
B_minus1bday (reverse placebo),AMKR,2330.TW,1250,2,101.137962955784,2.015597125191672e-41,52.33139852478308,1.5103097908375592e-22
B_minus1bday (reverse placebo),3711.TW,AMKR,1250,2,1.7280380881308148,0.1780590243364264,1.8218382963606203,0.16215975720869752
B_minus1bday (reverse placebo),AMKR,3711.TW,1250,2,109.90689560795259,1.1189592338219993e-44,46.57551488013719,3.123069721202006e-20
B_minus1bday (reverse placebo),6239.TW,AMKR,1250,2,2.1003181344440045,0.12285172154149139,0.9682298642532061,0.380040881985212
B_minus1bday (reverse placebo),AMKR,6239.TW,1250,2,55.88280739605355,5.757417281878855e-24,23.589923309005677,8.803873510510785e-11
B_minus1bday (reverse placebo),2449.TW,AMKR,1250,2,2.4650805732211776,0.08541745676652866,1.8407829898643373,0.15912546351900525
B_minus1bday (reverse placebo),AMKR,2449.TW,1250,2,53.14346823009254,7.144540296682401e-23,23.48827162229303,9.709783230828023e-11
B_minus1bday (reverse placebo),3264.TWO,AMKR,1250,2,0.1957541984768462,0.8222396539962205,0.18047414195273662,0.8348961412932016
B_minus1bday (reverse placebo),AMKR,3264.TWO,1250,2,33.010419112996175,1.0752744829911338e-14,13.246360259275502,2.030616403696951e-06
B_minus1bday (reverse placebo),3037.TW,AMKR,1250,2,0.21174565061523054,0.8091996648750026,0.21743037406083693,0.8046142176492351
B_minus1bday (reverse placebo),AMKR,3037.TW,1250,2,49.29445329749373,2.5021480125264965e-21,29.316863144893425,3.622610345881627e-13
B_minus1bday (reverse placebo),8046.TW,AMKR,1250,2,0.27482733080013594,0.7597494399180742,0.18425307687076078,0.8317479989132917
B_minus1bday (reverse placebo),AMKR,8046.TW,1250,2,48.955436089704605,3.425792833056053e-21,30.723733341055468,9.466261116447226e-14
B_minus1bday (reverse placebo),3189.TW,AMKR,1250,2,0.24954652738509298,0.7791930536139661,0.16433749582702034,0.8484740547714615
B_minus1bday (reverse placebo),AMKR,3189.TW,1250,2,42.52169224604167,1.3720979929927576e-18,26.106044228915586,7.833283866904934e-12
B_minus1bday (reverse placebo),600584.SS,AMKR,1250,1,0.02228167668955441,0.8813643624624714,0.019512569637038218,0.8889295575126083
B_minus1bday (reverse placebo),AMKR,600584.SS,1250,1,20.860909091505352,5.4282403883345996e-06,15.949695917589107,6.885253645955661e-05
B_minus1bday (reverse placebo),002156.SZ,AMKR,1250,1,1.2458529405438652,0.2645612280123859,0.6887998449411453,0.40673187728845106
B_minus1bday (reverse placebo),AMKR,002156.SZ,1250,1,14.039512830680303,0.00018719818558440466,10.408525855418576,0.0012869593902773585
B_minus1bday (reverse placebo),002185.SZ,AMKR,1250,1,1.5701391895704269,0.21042189602005587,1.1154696439459608,0.29110078462678546
B_minus1bday (reverse placebo),AMKR,002185.SZ,1250,1,8.772818247866015,0.0031154817001318594,6.610302696308373,0.010254245645294558
B_minus1bday (reverse placebo),005930.KS,AMKR,1250,2,4.229165004896807,0.014774675163595397,2.6526311043702897,0.07086445591256345
B_minus1bday (reverse placebo),AMKR,005930.KS,1250,2,59.39777810769063,2.3080899527633658e-25,11.738653878674768,8.902551017192883e-06
B_minus1bday (reverse placebo),4062.T,AMKR,1250,2,0.8500451169668467,0.42764394674654915,0.2882524973255906,0.749622395391381
B_minus1bday (reverse placebo),AMKR,4062.T,1250,2,69.86013337420717,1.7677520187724584e-29,28.167151287521104,1.087087743248448e-12
B_minus1bday (reverse placebo),2330.TW,INTC,1250,2,0.3331629568111623,0.7167173768781219,0.2873012726659267,0.7503354636134039
B_minus1bday (reverse placebo),INTC,2330.TW,1250,2,66.56892627974972,3.430916850940696e-28,28.135437400941708,1.120575011163657e-12
B_minus1bday (reverse placebo),3711.TW,INTC,1250,2,0.28636156649383604,0.7510405643071865,0.29126425620412444,0.7473691588051109
B_minus1bday (reverse placebo),INTC,3711.TW,1250,2,52.89660336149332,8.969310018833235e-23,26.74045974825836,4.262426660245401e-12
B_minus1bday (reverse placebo),6239.TW,INTC,1250,2,0.8415786963612493,0.43127496795559017,0.3621218141471756,0.6962709777574274
B_minus1bday (reverse placebo),INTC,6239.TW,1250,2,28.844034228593955,5.691015487965834e-13,12.164327834930752,5.863198031858435e-06
B_minus1bday (reverse placebo),2449.TW,INTC,1250,2,0.9699230239930723,0.37939895658342393,0.8773366648568267,0.41614646409007583
B_minus1bday (reverse placebo),INTC,2449.TW,1250,2,21.387494393108625,7.375227447199162e-10,8.410142565483392,0.00023551223382184356
B_minus1bday (reverse placebo),3264.TWO,INTC,1250,1,0.3282634324211018,0.5667868112073351,0.18557100168322124,0.6667031935351766
B_minus1bday (reverse placebo),INTC,3264.TWO,1250,1,2.8994234326619748,0.0888606468016244,1.7816934048205735,0.1821853654056457
B_minus1bday (reverse placebo),3037.TW,INTC,1250,2,0.6715822964725608,0.5110848234888317,0.5721233362293286,0.5644744470349785
B_minus1bday (reverse placebo),INTC,3037.TW,1250,2,36.43482558383785,4.1976611117329444e-16,22.968591596939312,1.6024052148747678e-10
B_minus1bday (reverse placebo),8046.TW,INTC,1250,2,0.4688193834734353,0.6258511918480443,0.38002798011056604,0.6839217012362511
B_minus1bday (reverse placebo),INTC,8046.TW,1250,2,44.081036386728854,3.1935974426720255e-19,36.33692775880411,4.604393033534081e-16
B_minus1bday (reverse placebo),3189.TW,INTC,1250,2,0.4455067980184801,0.6406018210684589,0.32712494258123703,0.7210557063300389
B_minus1bday (reverse placebo),INTC,3189.TW,1250,2,18.32868595944585,1.429124558286182e-08,14.531160532926023,5.778868052992516e-07
B_minus1bday (reverse placebo),600584.SS,INTC,1250,1,0.06442220597394328,0.799680128957202,0.05503774114025416,0.8145567927431656
B_minus1bday (reverse placebo),INTC,600584.SS,1250,1,13.865040745585208,0.00020519119645871493,9.751087920254868,0.0018334423638445264
B_minus1bday (reverse placebo),002156.SZ,INTC,1250,1,0.08396080241802399,0.7720481336584617,0.04446367932826601,0.8330277778230226
B_minus1bday (reverse placebo),INTC,002156.SZ,1250,1,6.0347911589295276,0.014162213534178797,4.624028509322294,0.03171903727442086
B_minus1bday (reverse placebo),002185.SZ,INTC,1250,1,3.2674080758903346,0.07091027202558313,1.9150482380395182,0.16665140492604785
B_minus1bday (reverse placebo),INTC,002185.SZ,1250,1,12.504603875148026,0.0004208468927471201,10.812376244362538,0.0010363802539561926
B_minus1bday (reverse placebo),005930.KS,INTC,1250,2,0.38092787771381537,0.6833068947895546,0.22437479228036128,0.7990479679981093
B_minus1bday (reverse placebo),INTC,005930.KS,1250,2,39.34014201775648,2.7148240513163036e-17,13.21965099078343,2.0844224696383744e-06
B_minus1bday (reverse placebo),4062.T,INTC,1250,2,0.8483625746816351,0.4283630979693617,0.36343242475527526,0.695359567012062
B_minus1bday (reverse placebo),INTC,4062.T,1250,2,81.87487391183298,3.954000119862329e-34,35.25122802547351,1.2853127644186685e-15
B_minus1bday (reverse placebo),AMKR,INTC,1250,1,0.06986700912415453,0.7915742260216234,0.07976149882488473,0.777667785723233
B_minus1bday (reverse placebo),INTC,AMKR,1250,1,1.9251202081337775,0.16554140208123314,1.354834480396156,0.24465755118458565
C_noshift (naive calendar),2330.TW,AMKR,1259,1,0.5696573404202928,0.4505367174320414,0.6068522764143159,0.43612231215271846
C_noshift (naive calendar),AMKR,2330.TW,1259,1,208.23283071300673,8.681847391805903e-44,144.36175955297347,1.4814227883422314e-31
C_noshift (naive calendar),3711.TW,AMKR,1259,1,1.8261146968317787,0.1768306861961755,1.2259297500203743,0.2684122365128225
C_noshift (naive calendar),AMKR,3711.TW,1259,1,215.83019170694948,3.31678342069394e-45,109.92444213977184,1.0326771323512975e-24
C_noshift (naive calendar),6239.TW,AMKR,1259,1,0.2126047587445466,0.6448133321717584,0.11993473820241089,0.7291633330888295
C_noshift (naive calendar),AMKR,6239.TW,1259,1,102.16045346701426,3.8275664296671784e-23,53.439377389980216,4.734364673319753e-13
C_noshift (naive calendar),2449.TW,AMKR,1259,1,0.05244373298968475,0.8189015902909527,0.03797779420491794,0.8455192783387299
C_noshift (naive calendar),AMKR,2449.TW,1259,1,75.84163825744825,9.522145410639755e-18,32.62812500966247,1.3920594909678125e-08
C_noshift (naive calendar),3264.TWO,AMKR,1259,1,0.5041981254896577,0.4777932013253172,0.41328880981162686,0.5204223701728659
C_noshift (naive calendar),AMKR,3264.TWO,1259,1,50.49068522653905,2.002189705295283e-12,22.5336121663515,2.3021156198365716e-06
C_noshift (naive calendar),3037.TW,AMKR,1259,1,0.054270088784814714,0.8158309086442393,0.03847450349869364,0.8445251539541596
C_noshift (naive calendar),AMKR,3037.TW,1259,1,90.55399417775673,8.858174653902728e-21,60.76615069678211,1.3419105968437675e-14
C_noshift (naive calendar),8046.TW,AMKR,1259,1,0.31770273097059365,0.573092198750929,0.29088408717273667,0.5897502099792968
C_noshift (naive calendar),AMKR,8046.TW,1259,1,88.48832543058275,2.3474915973999114e-20,60.19759384226813,1.7676358874398948e-14
C_noshift (naive calendar),3189.TW,AMKR,1259,1,1.076505236499174,0.2996805373100501,0.9360253829335157,0.33348851432184257
C_noshift (naive calendar),AMKR,3189.TW,1259,1,73.58517905227154,2.8003565598653264e-17,57.546934419022,6.400577810094822e-14
C_noshift (naive calendar),600584.SS,AMKR,1259,1,1.7066876900223733,0.19165505411233816,1.3640761922041902,0.24305411851404124
C_noshift (naive calendar),AMKR,600584.SS,1259,1,12.904033534601064,0.00034055289329096435,8.21310652807744,0.004228268378415525
C_noshift (naive calendar),002156.SZ,AMKR,1259,1,3.5739950402953933,0.058921153560653826,2.7214477848339373,0.09925841773922386
C_noshift (naive calendar),AMKR,002156.SZ,1259,1,13.263675672894827,0.0002816234169184498,7.504880537994009,0.006240362961234409
C_noshift (naive calendar),002185.SZ,AMKR,1259,1,4.247634643764694,0.03951068888830604,4.021404581315355,0.04514066218407365
C_noshift (naive calendar),AMKR,002185.SZ,1259,1,14.770790693243477,0.00012747873929764325,9.451046285968054,0.0021558299003880915
C_noshift (naive calendar),005930.KS,AMKR,1259,2,1.5821000130720573,0.20595364875038608,0.8917999370091148,0.4101774900783306
C_noshift (naive calendar),AMKR,005930.KS,1259,2,77.65274292225214,1.618764302675649e-32,19.124750825357214,6.585271364817372e-09
C_noshift (naive calendar),4062.T,AMKR,1259,1,1.970016606344471,0.16069347871122758,0.9277821665683946,0.3356254444583122
C_noshift (naive calendar),AMKR,4062.T,1259,1,157.97907869488301,3.2686129678075766e-34,64.22356161534357,2.5204520223360414e-15
C_noshift (naive calendar),2330.TW,INTC,1259,1,0.13616103280142403,0.7121899341911375,0.1255472402740837,0.7231537643505749
C_noshift (naive calendar),INTC,2330.TW,1259,1,133.66421648914772,1.8914900394180042e-29,50.244153978569294,2.259209925591063e-12
C_noshift (naive calendar),3711.TW,INTC,1259,1,0.17464915056034624,0.6760840775867669,0.13351104388861737,0.7148806593155237
C_noshift (naive calendar),INTC,3711.TW,1259,1,122.28149887585711,3.44406529842162e-27,59.14469648381874,2.945698471676508e-14
C_noshift (naive calendar),6239.TW,INTC,1259,1,0.09336412070534371,0.7599938324677575,0.05143956566740885,0.8206139274567171
C_noshift (naive calendar),INTC,6239.TW,1259,1,82.93679404927177,3.250101192474225e-19,35.71264599902451,2.975287726354483e-09
C_noshift (naive calendar),2449.TW,INTC,1259,1,0.8012303726348716,0.3708974031964595,0.6583618768127244,0.4172927141308692
C_noshift (naive calendar),INTC,2449.TW,1259,1,45.85937606248907,1.946865281577577e-11,20.17451578079563,7.719488497510123e-06
C_noshift (naive calendar),3264.TWO,INTC,1259,1,1.262901264773284,0.2613175456277347,1.3904717424557251,0.23854894638149723
C_noshift (naive calendar),INTC,3264.TWO,1259,1,26.35510105840444,3.289511279111076e-07,9.316846715121052,0.0023182901708627985
C_noshift (naive calendar),3037.TW,INTC,1259,1,0.05210911408724939,0.8194702614146565,0.03920190395908684,0.8430812701496455
C_noshift (naive calendar),INTC,3037.TW,1259,1,67.22909250535177,5.917772856475602e-16,39.684664382536454,4.121119329218009e-10
C_noshift (naive calendar),8046.TW,INTC,1259,1,0.45960489731853504,0.49793365057345285,0.377362302304489,0.5391296214244372
C_noshift (naive calendar),INTC,8046.TW,1259,1,87.42063159482684,3.887524075730614e-20,65.30860630854274,1.4930398353130955e-15
C_noshift (naive calendar),3189.TW,INTC,1259,1,0.4316899024540629,0.5112813688689067,0.37248129816813613,0.5417653423700607
C_noshift (naive calendar),INTC,3189.TW,1259,1,33.38594675955361,9.521864598156243e-09,23.4807600973449,1.4191430748817607e-06
C_noshift (naive calendar),600584.SS,INTC,1259,1,0.021410257454681357,0.8836903485012654,0.018145238809208306,0.8928673010174657
C_noshift (naive calendar),INTC,600584.SS,1259,1,35.930333751310364,2.6690240383747313e-09,25.890049190162603,4.1647898889671266e-07
C_noshift (naive calendar),002156.SZ,INTC,1259,1,0.14887480321765317,0.6996783586429749,0.11557070043865547,0.7339458655098542
C_noshift (naive calendar),INTC,002156.SZ,1259,1,28.5941150919534,1.0595612227550614e-07,27.6519722455407,1.7056831625529783e-07
C_noshift (naive calendar),002185.SZ,INTC,1259,1,0.44851641418521876,0.5031635233448349,0.39923330027705,0.5276005547635638
C_noshift (naive calendar),INTC,002185.SZ,1259,1,22.90262579415603,1.906403885786017e-06,20.282527758275307,7.302278250827853e-06
C_noshift (naive calendar),005930.KS,INTC,1259,2,1.5325742361592691,0.21638387121130942,0.9067289124963606,0.4041080966927936
C_noshift (naive calendar),INTC,005930.KS,1259,2,50.710305909253044,6.658642230084767e-22,14.969205733759479,3.762419751240463e-07
C_noshift (naive calendar),4062.T,INTC,1259,1,0.6108290951310273,0.43462322437299605,0.26838050282831155,0.604511531446134
C_noshift (naive calendar),INTC,4062.T,1259,1,157.69926509386508,3.7040208511266493e-34,60.31377532400005,1.6708345701045496e-14
C_noshift (naive calendar),AMKR,INTC,1259,1,0.039402507453561955,0.842685527446458,0.046925294970074895,0.8285377785054008
C_noshift (naive calendar),INTC,AMKR,1259,1,0.17463369603238937,0.6760975938048508,0.12901388061519348,0.7195171015422122
